SQL> 
SQL> CL SCR

SQL> REM SELECT SYNTAX : SELECT what_to_display FROM table_name;
SQL> 
SQL> REM table_name : 1 EMPLOYEES 2 DEPARTMENTS 3 LOCATIONS 4 COUNTRIES 5 REGIONS
SQL> 
SQL> REM E D L C R
SQL> 
SQL> REM what_to_display :  1 SINGLE COLUMN NAME 2 COLUMN LIST 3 */META CHARACTER 4 * + OTHER ITEMS
SQL> 
SQL> SELECT * FROM EMPLOYEES;

EMPLOYEE_ID FIRST_NAME      LAST_NAME       EMAIL      PHONE_NUMBER         HIRE_DATE JOB_ID         SALARY COMMISSION_PCT MANAGER_ID DEPARTMENT_ID                                                     
----------- --------------- --------------- ---------- -------------------- --------- ---------- ---------- -------------- ---------- -------------                                                     
        100 Steven          King            SKING      515.123.4567         17-JUL-87 AD_PRES         24000                                      90                                                     
        101 Neena           Kochhar         NKOCHHAR   515.123.4568         21-SEP-89 AD_VP           17000                       100            90                                                     
        102 Lex             De Haan         LDEHAAN    515.123.4569         13-JAN-93 AD_VP           17000                       100            90                                                     
        103 Alexander       Hunold          AHUNOLD    590.423.4567         03-JAN-90 IT_PROG          9000                       102            60                                                     
        104 Bruce           Ernst           BERNST     590.423.4568         21-MAY-91 IT_PROG          6000                       103            60                                                     
        107 Diana           Lorentz         DLORENTZ   590.423.5567         07-FEB-99 IT_PROG          4200                       103            60                                                     
        124 Kevin           Mourgos         KMOURGOS   650.123.5234         16-NOV-99 ST_MAN           5800                       100            50                                                     
        141 Trenna          Rajs            TRAJS      650.121.8009         17-OCT-95 ST_CLERK         3500                       124            50                                                     
        142 Curtis          Davies          CDAVIES    650.121.2994         29-JAN-97 ST_CLERK         3100                       124            50                                                     
        143 Randall         Matos           RMATOS     650.121.2874         15-MAR-98 ST_CLERK         2600                       124            50                                                     
        144 Peter           Vargas          PVARGAS    650.121.2004         09-JUL-98 ST_CLERK         2500                       124            50                                                     
        149 Eleni           Zlotkey         EZLOTKEY   011.44.1344.429018   29-JAN-00 SA_MAN          10500             .2        100            80                                                     
        174 Ellen           Abel            EABEL      011.44.1644.429267   11-MAY-96 SA_REP          11000             .3        149            80                                                     
        176 Jonathon        Taylor          JTAYLOR    011.44.1644.429265   24-MAR-98 SA_REP           8600             .3        149            80                                                     
        178 Kimerely        Grant           KGRANT     011.44.1644.429263   24-MAY-99 SA_REP           7000            .15        149                                                                   
        200 Jennifer        Whalen          JWHALEN    515.123.4444         17-SEP-87 AD_ASST          4400                       101            10                                                     
        201 Michael         Hartstein       MHARTSTE   515.123.5555         17-FEB-96 MK_MAN          13000                       100            20                                                     
        202 Pat             Fay             PFAY       603.123.6666         17-AUG-97 MK_REP           6000                       201            20                                                     
        205 Shelley         Higgins         SHIGGINS   515.123.8080         07-JUN-94 AC_MGR          12000                       101           110                                                     
        206 William         Gietz           WGIETZ     515.123.8181         07-JUN-94 AC_ACCOUNT       8300                       205           110                                                     

20 rows selected.

SQL> SELECT * FROM DEPARTMENTS;

DEPARTMENT_ID DEPARTMENT_NAME                MANAGER_ID LOCATION_ID                                                                                                                                     
------------- ------------------------------ ---------- -----------                                                                                                                                     
           10 Administration                        200        1700                                                                                                                                     
           20 Marketing                             201        1800                                                                                                                                     
           50 Shiping                               124        1500                                                                                                                                     
           60 IT                                    103        1400                                                                                                                                     
           80 Sales                                 149        2500                                                                                                                                     
           90 Executive                             100        1700                                                                                                                                     
          110 Accounting                            205        1700                                                                                                                                     
          190 Contracting                                      1700                                                                                                                                     

8 rows selected.

SQL> SELECT * FROM EMPLOYEES;

EMPLOYEE_ID FIRST_NAME      LAST_NAME       EMAIL      PHONE_NUMBER         HIRE_DATE JOB_ID         SALARY COMMISSION_PCT MANAGER_ID DEPARTMENT_ID                                                     
----------- --------------- --------------- ---------- -------------------- --------- ---------- ---------- -------------- ---------- -------------                                                     
        100 Steven          King            SKING      515.123.4567         17-JUL-87 AD_PRES         24000                                      90                                                     
        101 Neena           Kochhar         NKOCHHAR   515.123.4568         21-SEP-89 AD_VP           17000                       100            90                                                     
        102 Lex             De Haan         LDEHAAN    515.123.4569         13-JAN-93 AD_VP           17000                       100            90                                                     
        103 Alexander       Hunold          AHUNOLD    590.423.4567         03-JAN-90 IT_PROG          9000                       102            60                                                     
        104 Bruce           Ernst           BERNST     590.423.4568         21-MAY-91 IT_PROG          6000                       103            60                                                     
        107 Diana           Lorentz         DLORENTZ   590.423.5567         07-FEB-99 IT_PROG          4200                       103            60                                                     
        124 Kevin           Mourgos         KMOURGOS   650.123.5234         16-NOV-99 ST_MAN           5800                       100            50                                                     
        141 Trenna          Rajs            TRAJS      650.121.8009         17-OCT-95 ST_CLERK         3500                       124            50                                                     
        142 Curtis          Davies          CDAVIES    650.121.2994         29-JAN-97 ST_CLERK         3100                       124            50                                                     
        143 Randall         Matos           RMATOS     650.121.2874         15-MAR-98 ST_CLERK         2600                       124            50                                                     
        144 Peter           Vargas          PVARGAS    650.121.2004         09-JUL-98 ST_CLERK         2500                       124            50                                                     
        149 Eleni           Zlotkey         EZLOTKEY   011.44.1344.429018   29-JAN-00 SA_MAN          10500             .2        100            80                                                     
        174 Ellen           Abel            EABEL      011.44.1644.429267   11-MAY-96 SA_REP          11000             .3        149            80                                                     
        176 Jonathon        Taylor          JTAYLOR    011.44.1644.429265   24-MAR-98 SA_REP           8600             .3        149            80                                                     
        178 Kimerely        Grant           KGRANT     011.44.1644.429263   24-MAY-99 SA_REP           7000            .15        149                                                                   
        200 Jennifer        Whalen          JWHALEN    515.123.4444         17-SEP-87 AD_ASST          4400                       101            10                                                     
        201 Michael         Hartstein       MHARTSTE   515.123.5555         17-FEB-96 MK_MAN          13000                       100            20                                                     
        202 Pat             Fay             PFAY       603.123.6666         17-AUG-97 MK_REP           6000                       201            20                                                     
        205 Shelley         Higgins         SHIGGINS   515.123.8080         07-JUN-94 AC_MGR          12000                       101           110                                                     
        206 William         Gietz           WGIETZ     515.123.8181         07-JUN-94 AC_ACCOUNT       8300                       205           110                                                     

20 rows selected.

SQL> REM FIND AND SEND SALARY PAID TO Diana
SQL> 
SQL> REM FIND AND SEND DEPARTMENT_ID OF Pat
SQL> 
SQL> SELECT * FROM EMPLOYEES;

EMPLOYEE_ID FIRST_NAME      LAST_NAME       EMAIL      PHONE_NUMBER         HIRE_DATE JOB_ID         SALARY COMMISSION_PCT MANAGER_ID DEPARTMENT_ID                                                     
----------- --------------- --------------- ---------- -------------------- --------- ---------- ---------- -------------- ---------- -------------                                                     
        100 Steven          King            SKING      515.123.4567         17-JUL-87 AD_PRES         24000                                      90                                                     
        101 Neena           Kochhar         NKOCHHAR   515.123.4568         21-SEP-89 AD_VP           17000                       100            90                                                     
        102 Lex             De Haan         LDEHAAN    515.123.4569         13-JAN-93 AD_VP           17000                       100            90                                                     
        103 Alexander       Hunold          AHUNOLD    590.423.4567         03-JAN-90 IT_PROG          9000                       102            60                                                     
        104 Bruce           Ernst           BERNST     590.423.4568         21-MAY-91 IT_PROG          6000                       103            60                                                     
        107 Diana           Lorentz         DLORENTZ   590.423.5567         07-FEB-99 IT_PROG          4200                       103            60                                                     
        124 Kevin           Mourgos         KMOURGOS   650.123.5234         16-NOV-99 ST_MAN           5800                       100            50                                                     
        141 Trenna          Rajs            TRAJS      650.121.8009         17-OCT-95 ST_CLERK         3500                       124            50                                                     
        142 Curtis          Davies          CDAVIES    650.121.2994         29-JAN-97 ST_CLERK         3100                       124            50                                                     
        143 Randall         Matos           RMATOS     650.121.2874         15-MAR-98 ST_CLERK         2600                       124            50                                                     
        144 Peter           Vargas          PVARGAS    650.121.2004         09-JUL-98 ST_CLERK         2500                       124            50                                                     
        149 Eleni           Zlotkey         EZLOTKEY   011.44.1344.429018   29-JAN-00 SA_MAN          10500             .2        100            80                                                     
        174 Ellen           Abel            EABEL      011.44.1644.429267   11-MAY-96 SA_REP          11000             .3        149            80                                                     
        176 Jonathon        Taylor          JTAYLOR    011.44.1644.429265   24-MAR-98 SA_REP           8600             .3        149            80                                                     
        178 Kimerely        Grant           KGRANT     011.44.1644.429263   24-MAY-99 SA_REP           7000            .15        149                                                                   
        200 Jennifer        Whalen          JWHALEN    515.123.4444         17-SEP-87 AD_ASST          4400                       101            10                                                     
        201 Michael         Hartstein       MHARTSTE   515.123.5555         17-FEB-96 MK_MAN          13000                       100            20                                                     
        202 Pat             Fay             PFAY       603.123.6666         17-AUG-97 MK_REP           6000                       201            20                                                     
        205 Shelley         Higgins         SHIGGINS   515.123.8080         07-JUN-94 AC_MGR          12000                       101           110                                                     
        206 William         Gietz           WGIETZ     515.123.8181         07-JUN-94 AC_ACCOUNT       8300                       205           110                                                     

20 rows selected.

SQL> SELECT * FROM DEPARTMENTS;

DEPARTMENT_ID DEPARTMENT_NAME                MANAGER_ID LOCATION_ID                                                                                                                                     
------------- ------------------------------ ---------- -----------                                                                                                                                     
           10 Administration                        200        1700                                                                                                                                     
           20 Marketing                             201        1800                                                                                                                                     
           50 Shiping                               124        1500                                                                                                                                     
           60 IT                                    103        1400                                                                                                                                     
           80 Sales                                 149        2500                                                                                                                                     
           90 Executive                             100        1700                                                                                                                                     
          110 Accounting                            205        1700                                                                                                                                     
          190 Contracting                                      1700                                                                                                                                     

8 rows selected.

SQL> REM FIND AND SEND DEPARTMENT_NAME OF Jonathon
SQL> 
SQL> REM SELECT SYNTAX : SELECT what_to_display FROM table_name;
SQL> 
SQL> REM table_name : 1 EMPLOYEES 2 DEPARTMENTS 3 LOCATIONS 4 COUNTRIES 5 REGIONS
SQL> 
SQL> REM E D L C R
SQL> 
SQL> REM what_to_display :  1 SINGLE COLUMN NAME 2 COLUMN LIST 3 */META CHARACTER 4 * + OTHER ITEMS
SQL> 
SQL> SELECT * FROM EMPLOYEES;

EMPLOYEE_ID FIRST_NAME      LAST_NAME       EMAIL      PHONE_NUMBER         HIRE_DATE JOB_ID         SALARY COMMISSION_PCT MANAGER_ID DEPARTMENT_ID                                                     
----------- --------------- --------------- ---------- -------------------- --------- ---------- ---------- -------------- ---------- -------------                                                     
        100 Steven          King            SKING      515.123.4567         17-JUL-87 AD_PRES         24000                                      90                                                     
        101 Neena           Kochhar         NKOCHHAR   515.123.4568         21-SEP-89 AD_VP           17000                       100            90                                                     
        102 Lex             De Haan         LDEHAAN    515.123.4569         13-JAN-93 AD_VP           17000                       100            90                                                     
        103 Alexander       Hunold          AHUNOLD    590.423.4567         03-JAN-90 IT_PROG          9000                       102            60                                                     
        104 Bruce           Ernst           BERNST     590.423.4568         21-MAY-91 IT_PROG          6000                       103            60                                                     
        107 Diana           Lorentz         DLORENTZ   590.423.5567         07-FEB-99 IT_PROG          4200                       103            60                                                     
        124 Kevin           Mourgos         KMOURGOS   650.123.5234         16-NOV-99 ST_MAN           5800                       100            50                                                     
        141 Trenna          Rajs            TRAJS      650.121.8009         17-OCT-95 ST_CLERK         3500                       124            50                                                     
        142 Curtis          Davies          CDAVIES    650.121.2994         29-JAN-97 ST_CLERK         3100                       124            50                                                     
        143 Randall         Matos           RMATOS     650.121.2874         15-MAR-98 ST_CLERK         2600                       124            50                                                     
        144 Peter           Vargas          PVARGAS    650.121.2004         09-JUL-98 ST_CLERK         2500                       124            50                                                     
        149 Eleni           Zlotkey         EZLOTKEY   011.44.1344.429018   29-JAN-00 SA_MAN          10500             .2        100            80                                                     
        174 Ellen           Abel            EABEL      011.44.1644.429267   11-MAY-96 SA_REP          11000             .3        149            80                                                     
        176 Jonathon        Taylor          JTAYLOR    011.44.1644.429265   24-MAR-98 SA_REP           8600             .3        149            80                                                     
        178 Kimerely        Grant           KGRANT     011.44.1644.429263   24-MAY-99 SA_REP           7000            .15        149                                                                   
        200 Jennifer        Whalen          JWHALEN    515.123.4444         17-SEP-87 AD_ASST          4400                       101            10                                                     
        201 Michael         Hartstein       MHARTSTE   515.123.5555         17-FEB-96 MK_MAN          13000                       100            20                                                     
        202 Pat             Fay             PFAY       603.123.6666         17-AUG-97 MK_REP           6000                       201            20                                                     
        205 Shelley         Higgins         SHIGGINS   515.123.8080         07-JUN-94 AC_MGR          12000                       101           110                                                     
        206 William         Gietz           WGIETZ     515.123.8181         07-JUN-94 AC_ACCOUNT       8300                       205           110                                                     

20 rows selected.

SQL> SELECT FIRST_NAME FROM EMPLOYEES;

FIRST_NAME                                                                                                                                                                                              
---------------                                                                                                                                                                                         
Steven                                                                                                                                                                                                  
Neena                                                                                                                                                                                                   
Lex                                                                                                                                                                                                     
Alexander                                                                                                                                                                                               
Bruce                                                                                                                                                                                                   
Diana                                                                                                                                                                                                   
Kevin                                                                                                                                                                                                   
Trenna                                                                                                                                                                                                  
Curtis                                                                                                                                                                                                  
Randall                                                                                                                                                                                                 
Peter                                                                                                                                                                                                   
Eleni                                                                                                                                                                                                   
Ellen                                                                                                                                                                                                   
Jonathon                                                                                                                                                                                                
Kimerely                                                                                                                                                                                                
Jennifer                                                                                                                                                                                                
Michael                                                                                                                                                                                                 
Pat                                                                                                                                                                                                     
Shelley                                                                                                                                                                                                 
William                                                                                                                                                                                                 

20 rows selected.

SQL> SELECT FIRST_NAME , LAST_NAME , SALARY FROM EMPLOYEES;

FIRST_NAME      LAST_NAME           SALARY                                                                                                                                                              
--------------- --------------- ----------                                                                                                                                                              
Steven          King                 24000                                                                                                                                                              
Neena           Kochhar              17000                                                                                                                                                              
Lex             De Haan              17000                                                                                                                                                              
Alexander       Hunold                9000                                                                                                                                                              
Bruce           Ernst                 6000                                                                                                                                                              
Diana           Lorentz               4200                                                                                                                                                              
Kevin           Mourgos               5800                                                                                                                                                              
Trenna          Rajs                  3500                                                                                                                                                              
Curtis          Davies                3100                                                                                                                                                              
Randall         Matos                 2600                                                                                                                                                              
Peter           Vargas                2500                                                                                                                                                              
Eleni           Zlotkey              10500                                                                                                                                                              
Ellen           Abel                 11000                                                                                                                                                              
Jonathon        Taylor                8600                                                                                                                                                              
Kimerely        Grant                 7000                                                                                                                                                              
Jennifer        Whalen                4400                                                                                                                                                              
Michael         Hartstein            13000                                                                                                                                                              
Pat             Fay                   6000                                                                                                                                                              
Shelley         Higgins              12000                                                                                                                                                              
William         Gietz                 8300                                                                                                                                                              

20 rows selected.

SQL> SELECT HIRE_DATE , FIRST_NAME , LAST_NAME , SALARY FROM EMPLOYEES;

HIRE_DATE FIRST_NAME      LAST_NAME           SALARY                                                                                                                                                    
--------- --------------- --------------- ----------                                                                                                                                                    
17-JUL-87 Steven          King                 24000                                                                                                                                                    
21-SEP-89 Neena           Kochhar              17000                                                                                                                                                    
13-JAN-93 Lex             De Haan              17000                                                                                                                                                    
03-JAN-90 Alexander       Hunold                9000                                                                                                                                                    
21-MAY-91 Bruce           Ernst                 6000                                                                                                                                                    
07-FEB-99 Diana           Lorentz               4200                                                                                                                                                    
16-NOV-99 Kevin           Mourgos               5800                                                                                                                                                    
17-OCT-95 Trenna          Rajs                  3500                                                                                                                                                    
29-JAN-97 Curtis          Davies                3100                                                                                                                                                    
15-MAR-98 Randall         Matos                 2600                                                                                                                                                    
09-JUL-98 Peter           Vargas                2500                                                                                                                                                    
29-JAN-00 Eleni           Zlotkey              10500                                                                                                                                                    
11-MAY-96 Ellen           Abel                 11000                                                                                                                                                    
24-MAR-98 Jonathon        Taylor                8600                                                                                                                                                    
24-MAY-99 Kimerely        Grant                 7000                                                                                                                                                    
17-SEP-87 Jennifer        Whalen                4400                                                                                                                                                    
17-FEB-96 Michael         Hartstein            13000                                                                                                                                                    
17-AUG-97 Pat             Fay                   6000                                                                                                                                                    
07-JUN-94 Shelley         Higgins              12000                                                                                                                                                    
07-JUN-94 William         Gietz                 8300                                                                                                                                                    

20 rows selected.

SQL> SELECT * FROM EMPLOYEES;

EMPLOYEE_ID FIRST_NAME      LAST_NAME       EMAIL      PHONE_NUMBER         HIRE_DATE JOB_ID         SALARY COMMISSION_PCT MANAGER_ID DEPARTMENT_ID                                                     
----------- --------------- --------------- ---------- -------------------- --------- ---------- ---------- -------------- ---------- -------------                                                     
        100 Steven          King            SKING      515.123.4567         17-JUL-87 AD_PRES         24000                                      90                                                     
        101 Neena           Kochhar         NKOCHHAR   515.123.4568         21-SEP-89 AD_VP           17000                       100            90                                                     
        102 Lex             De Haan         LDEHAAN    515.123.4569         13-JAN-93 AD_VP           17000                       100            90                                                     
        103 Alexander       Hunold          AHUNOLD    590.423.4567         03-JAN-90 IT_PROG          9000                       102            60                                                     
        104 Bruce           Ernst           BERNST     590.423.4568         21-MAY-91 IT_PROG          6000                       103            60                                                     
        107 Diana           Lorentz         DLORENTZ   590.423.5567         07-FEB-99 IT_PROG          4200                       103            60                                                     
        124 Kevin           Mourgos         KMOURGOS   650.123.5234         16-NOV-99 ST_MAN           5800                       100            50                                                     
        141 Trenna          Rajs            TRAJS      650.121.8009         17-OCT-95 ST_CLERK         3500                       124            50                                                     
        142 Curtis          Davies          CDAVIES    650.121.2994         29-JAN-97 ST_CLERK         3100                       124            50                                                     
        143 Randall         Matos           RMATOS     650.121.2874         15-MAR-98 ST_CLERK         2600                       124            50                                                     
        144 Peter           Vargas          PVARGAS    650.121.2004         09-JUL-98 ST_CLERK         2500                       124            50                                                     
        149 Eleni           Zlotkey         EZLOTKEY   011.44.1344.429018   29-JAN-00 SA_MAN          10500             .2        100            80                                                     
        174 Ellen           Abel            EABEL      011.44.1644.429267   11-MAY-96 SA_REP          11000             .3        149            80                                                     
        176 Jonathon        Taylor          JTAYLOR    011.44.1644.429265   24-MAR-98 SA_REP           8600             .3        149            80                                                     
        178 Kimerely        Grant           KGRANT     011.44.1644.429263   24-MAY-99 SA_REP           7000            .15        149                                                                   
        200 Jennifer        Whalen          JWHALEN    515.123.4444         17-SEP-87 AD_ASST          4400                       101            10                                                     
        201 Michael         Hartstein       MHARTSTE   515.123.5555         17-FEB-96 MK_MAN          13000                       100            20                                                     
        202 Pat             Fay             PFAY       603.123.6666         17-AUG-97 MK_REP           6000                       201            20                                                     
        205 Shelley         Higgins         SHIGGINS   515.123.8080         07-JUN-94 AC_MGR          12000                       101           110                                                     
        206 William         Gietz           WGIETZ     515.123.8181         07-JUN-94 AC_ACCOUNT       8300                       205           110                                                     

20 rows selected.

SQL> REM 1 DISPLAY EMAIL
SQL> 
SQL> REM 2 DISPLAY HIRE_DATE AND SALARY
SQL> 
SQL> REM 3 DISPLAY ALL COLUMNS OF EMPLOYEES TABLE
SQL> 
SQL> REM 4 DISPLAY ALL COLUMNS OF REGIONS TABLE
SQL> 
SQL> REM 5 DISPLAY DEPARTMENT_NAME
SQL> 
SQL> 
SQL> 
SQL> SELECT EMAIL FROM EMPLOYEES;

EMAIL                                                                                                                                                                                                   
----------                                                                                                                                                                                              
SKING                                                                                                                                                                                                   
NKOCHHAR                                                                                                                                                                                                
LDEHAAN                                                                                                                                                                                                 
AHUNOLD                                                                                                                                                                                                 
BERNST                                                                                                                                                                                                  
DLORENTZ                                                                                                                                                                                                
KMOURGOS                                                                                                                                                                                                
TRAJS                                                                                                                                                                                                   
CDAVIES                                                                                                                                                                                                 
RMATOS                                                                                                                                                                                                  
PVARGAS                                                                                                                                                                                                 
EZLOTKEY                                                                                                                                                                                                
EABEL                                                                                                                                                                                                   
JTAYLOR                                                                                                                                                                                                 
KGRANT                                                                                                                                                                                                  
JWHALEN                                                                                                                                                                                                 
MHARTSTE                                                                                                                                                                                                
PFAY                                                                                                                                                                                                    
SHIGGINS                                                                                                                                                                                                
WGIETZ                                                                                                                                                                                                  

20 rows selected.

SQL> REM 2 DISPLAY HIRE_DATE AND SALARY
SQL> 
SQL> SELECT HIRE_DATE , SALARY FROM EMPLOYEES;

HIRE_DATE     SALARY                                                                                                                                                                                    
--------- ----------                                                                                                                                                                                    
17-JUL-87      24000                                                                                                                                                                                    
21-SEP-89      17000                                                                                                                                                                                    
13-JAN-93      17000                                                                                                                                                                                    
03-JAN-90       9000                                                                                                                                                                                    
21-MAY-91       6000                                                                                                                                                                                    
07-FEB-99       4200                                                                                                                                                                                    
16-NOV-99       5800                                                                                                                                                                                    
17-OCT-95       3500                                                                                                                                                                                    
29-JAN-97       3100                                                                                                                                                                                    
15-MAR-98       2600                                                                                                                                                                                    
09-JUL-98       2500                                                                                                                                                                                    
29-JAN-00      10500                                                                                                                                                                                    
11-MAY-96      11000                                                                                                                                                                                    
24-MAR-98       8600                                                                                                                                                                                    
24-MAY-99       7000                                                                                                                                                                                    
17-SEP-87       4400                                                                                                                                                                                    
17-FEB-96      13000                                                                                                                                                                                    
17-AUG-97       6000                                                                                                                                                                                    
07-JUN-94      12000                                                                                                                                                                                    
07-JUN-94       8300                                                                                                                                                                                    

20 rows selected.

SQL> REM 3 DISPLAY ALL COLUMNS OF EMPLOYEES TABLE
SQL> 
SQL> SELECT * FROM EMPLOYEES;

EMPLOYEE_ID FIRST_NAME      LAST_NAME       EMAIL      PHONE_NUMBER         HIRE_DATE JOB_ID         SALARY COMMISSION_PCT MANAGER_ID DEPARTMENT_ID                                                     
----------- --------------- --------------- ---------- -------------------- --------- ---------- ---------- -------------- ---------- -------------                                                     
        100 Steven          King            SKING      515.123.4567         17-JUL-87 AD_PRES         24000                                      90                                                     
        101 Neena           Kochhar         NKOCHHAR   515.123.4568         21-SEP-89 AD_VP           17000                       100            90                                                     
        102 Lex             De Haan         LDEHAAN    515.123.4569         13-JAN-93 AD_VP           17000                       100            90                                                     
        103 Alexander       Hunold          AHUNOLD    590.423.4567         03-JAN-90 IT_PROG          9000                       102            60                                                     
        104 Bruce           Ernst           BERNST     590.423.4568         21-MAY-91 IT_PROG          6000                       103            60                                                     
        107 Diana           Lorentz         DLORENTZ   590.423.5567         07-FEB-99 IT_PROG          4200                       103            60                                                     
        124 Kevin           Mourgos         KMOURGOS   650.123.5234         16-NOV-99 ST_MAN           5800                       100            50                                                     
        141 Trenna          Rajs            TRAJS      650.121.8009         17-OCT-95 ST_CLERK         3500                       124            50                                                     
        142 Curtis          Davies          CDAVIES    650.121.2994         29-JAN-97 ST_CLERK         3100                       124            50                                                     
        143 Randall         Matos           RMATOS     650.121.2874         15-MAR-98 ST_CLERK         2600                       124            50                                                     
        144 Peter           Vargas          PVARGAS    650.121.2004         09-JUL-98 ST_CLERK         2500                       124            50                                                     
        149 Eleni           Zlotkey         EZLOTKEY   011.44.1344.429018   29-JAN-00 SA_MAN          10500             .2        100            80                                                     
        174 Ellen           Abel            EABEL      011.44.1644.429267   11-MAY-96 SA_REP          11000             .3        149            80                                                     
        176 Jonathon        Taylor          JTAYLOR    011.44.1644.429265   24-MAR-98 SA_REP           8600             .3        149            80                                                     
        178 Kimerely        Grant           KGRANT     011.44.1644.429263   24-MAY-99 SA_REP           7000            .15        149                                                                   
        200 Jennifer        Whalen          JWHALEN    515.123.4444         17-SEP-87 AD_ASST          4400                       101            10                                                     
        201 Michael         Hartstein       MHARTSTE   515.123.5555         17-FEB-96 MK_MAN          13000                       100            20                                                     
        202 Pat             Fay             PFAY       603.123.6666         17-AUG-97 MK_REP           6000                       201            20                                                     
        205 Shelley         Higgins         SHIGGINS   515.123.8080         07-JUN-94 AC_MGR          12000                       101           110                                                     
        206 William         Gietz           WGIETZ     515.123.8181         07-JUN-94 AC_ACCOUNT       8300                       205           110                                                     

20 rows selected.

SQL> REM 4 DISPLAY ALL COLUMNS OF REGIONS TABLE
SQL> 
SQL> SELECT * FROM REGIONS;

 REGION_ID REGION_NAME                                                                                                                                                                                  
---------- -------------------------                                                                                                                                                                    
         1 Europe                                                                                                                                                                                       
         2 Americas                                                                                                                                                                                     
         3 Asia                                                                                                                                                                                         
         4 Middle East and Africa                                                                                                                                                                       

SQL> REM 5 DISPLAY DEPARTMENT_NAME
SQL> 
SQL> SELECT DEPARTMENT_NAME FROM DEPARTMENTS;

DEPARTMENT_NAME                                                                                                                                                                                         
------------------------------                                                                                                                                                                          
Administration                                                                                                                                                                                          
Marketing                                                                                                                                                                                               
Shiping                                                                                                                                                                                                 
IT                                                                                                                                                                                                      
Sales                                                                                                                                                                                                   
Executive                                                                                                                                                                                               
Accounting                                                                                                                                                                                              
Contracting                                                                                                                                                                                             

8 rows selected.

SQL> REM CONCATENATION OPERATOR : ||
SQL> 
SQL> REM CONCATENATION OPERATOR : || : TO CLUB/COMBINE/JOIN TWO ITEMS
SQL> 
SQL> SELECT FIRST_NAME , LAST_NAME FROM EMPLOYEES;

FIRST_NAME      LAST_NAME                                                                                                                                                                               
--------------- ---------------                                                                                                                                                                         
Steven          King                                                                                                                                                                                    
Neena           Kochhar                                                                                                                                                                                 
Lex             De Haan                                                                                                                                                                                 
Alexander       Hunold                                                                                                                                                                                  
Bruce           Ernst                                                                                                                                                                                   
Diana           Lorentz                                                                                                                                                                                 
Kevin           Mourgos                                                                                                                                                                                 
Trenna          Rajs                                                                                                                                                                                    
Curtis          Davies                                                                                                                                                                                  
Randall         Matos                                                                                                                                                                                   
Peter           Vargas                                                                                                                                                                                  
Eleni           Zlotkey                                                                                                                                                                                 
Ellen           Abel                                                                                                                                                                                    
Jonathon        Taylor                                                                                                                                                                                  
Kimerely        Grant                                                                                                                                                                                   
Jennifer        Whalen                                                                                                                                                                                  
Michael         Hartstein                                                                                                                                                                               
Pat             Fay                                                                                                                                                                                     
Shelley         Higgins                                                                                                                                                                                 
William         Gietz                                                                                                                                                                                   

20 rows selected.

SQL> SELECT FIRST_NAME || LAST_NAME FROM EMPLOYEES;

FIRST_NAME||LAST_NAME                                                                                                                                                                                   
------------------------------                                                                                                                                                                          
StevenKing                                                                                                                                                                                              
NeenaKochhar                                                                                                                                                                                            
LexDe Haan                                                                                                                                                                                              
AlexanderHunold                                                                                                                                                                                         
BruceErnst                                                                                                                                                                                              
DianaLorentz                                                                                                                                                                                            
KevinMourgos                                                                                                                                                                                            
TrennaRajs                                                                                                                                                                                              
CurtisDavies                                                                                                                                                                                            
RandallMatos                                                                                                                                                                                            
PeterVargas                                                                                                                                                                                             
EleniZlotkey                                                                                                                                                                                            
EllenAbel                                                                                                                                                                                               
JonathonTaylor                                                                                                                                                                                          
KimerelyGrant                                                                                                                                                                                           
JenniferWhalen                                                                                                                                                                                          
MichaelHartstein                                                                                                                                                                                        
PatFay                                                                                                                                                                                                  
ShelleyHiggins                                                                                                                                                                                          
WilliamGietz                                                                                                                                                                                            

20 rows selected.

SQL> SELECT FIRST_NAME || LAST_NAME , HIRE_DATE FROM EMPLOYEES;

FIRST_NAME||LAST_NAME          HIRE_DATE                                                                                                                                                                
------------------------------ ---------                                                                                                                                                                
StevenKing                     17-JUL-87                                                                                                                                                                
NeenaKochhar                   21-SEP-89                                                                                                                                                                
LexDe Haan                     13-JAN-93                                                                                                                                                                
AlexanderHunold                03-JAN-90                                                                                                                                                                
BruceErnst                     21-MAY-91                                                                                                                                                                
DianaLorentz                   07-FEB-99                                                                                                                                                                
KevinMourgos                   16-NOV-99                                                                                                                                                                
TrennaRajs                     17-OCT-95                                                                                                                                                                
CurtisDavies                   29-JAN-97                                                                                                                                                                
RandallMatos                   15-MAR-98                                                                                                                                                                
PeterVargas                    09-JUL-98                                                                                                                                                                
EleniZlotkey                   29-JAN-00                                                                                                                                                                
EllenAbel                      11-MAY-96                                                                                                                                                                
JonathonTaylor                 24-MAR-98                                                                                                                                                                
KimerelyGrant                  24-MAY-99                                                                                                                                                                
JenniferWhalen                 17-SEP-87                                                                                                                                                                
MichaelHartstein               17-FEB-96                                                                                                                                                                
PatFay                         17-AUG-97                                                                                                                                                                
ShelleyHiggins                 07-JUN-94                                                                                                                                                                
WilliamGietz                   07-JUN-94                                                                                                                                                                

20 rows selected.

SQL> SELECT FIRST_NAME , LAST_NAME , HIRE_DATE FROM EMPLOYEES;

FIRST_NAME      LAST_NAME       HIRE_DATE                                                                                                                                                               
--------------- --------------- ---------                                                                                                                                                               
Steven          King            17-JUL-87                                                                                                                                                               
Neena           Kochhar         21-SEP-89                                                                                                                                                               
Lex             De Haan         13-JAN-93                                                                                                                                                               
Alexander       Hunold          03-JAN-90                                                                                                                                                               
Bruce           Ernst           21-MAY-91                                                                                                                                                               
Diana           Lorentz         07-FEB-99                                                                                                                                                               
Kevin           Mourgos         16-NOV-99                                                                                                                                                               
Trenna          Rajs            17-OCT-95                                                                                                                                                               
Curtis          Davies          29-JAN-97                                                                                                                                                               
Randall         Matos           15-MAR-98                                                                                                                                                               
Peter           Vargas          09-JUL-98                                                                                                                                                               
Eleni           Zlotkey         29-JAN-00                                                                                                                                                               
Ellen           Abel            11-MAY-96                                                                                                                                                               
Jonathon        Taylor          24-MAR-98                                                                                                                                                               
Kimerely        Grant           24-MAY-99                                                                                                                                                               
Jennifer        Whalen          17-SEP-87                                                                                                                                                               
Michael         Hartstein       17-FEB-96                                                                                                                                                               
Pat             Fay             17-AUG-97                                                                                                                                                               
Shelley         Higgins         07-JUN-94                                                                                                                                                               
William         Gietz           07-JUN-94                                                                                                                                                               

20 rows selected.

SQL> SELECT FIRST_NAME , LAST_NAME || HIRE_DATE FROM EMPLOYEES;

FIRST_NAME      LAST_NAME||HIRE_DATE                                                                                                                                                                    
--------------- ---------------------------------                                                                                                                                                       
Steven          King17-JUL-87                                                                                                                                                                           
Neena           Kochhar21-SEP-89                                                                                                                                                                        
Lex             De Haan13-JAN-93                                                                                                                                                                        
Alexander       Hunold03-JAN-90                                                                                                                                                                         
Bruce           Ernst21-MAY-91                                                                                                                                                                          
Diana           Lorentz07-FEB-99                                                                                                                                                                        
Kevin           Mourgos16-NOV-99                                                                                                                                                                        
Trenna          Rajs17-OCT-95                                                                                                                                                                           
Curtis          Davies29-JAN-97                                                                                                                                                                         
Randall         Matos15-MAR-98                                                                                                                                                                          
Peter           Vargas09-JUL-98                                                                                                                                                                         
Eleni           Zlotkey29-JAN-00                                                                                                                                                                        
Ellen           Abel11-MAY-96                                                                                                                                                                           
Jonathon        Taylor24-MAR-98                                                                                                                                                                         
Kimerely        Grant24-MAY-99                                                                                                                                                                          
Jennifer        Whalen17-SEP-87                                                                                                                                                                         
Michael         Hartstein17-FEB-96                                                                                                                                                                      
Pat             Fay17-AUG-97                                                                                                                                                                            
Shelley         Higgins07-JUN-94                                                                                                                                                                        
William         Gietz07-JUN-94                                                                                                                                                                          

20 rows selected.

SQL> SELECT FIRST_NAME || LAST_NAME || HIRE_DATE FROM EMPLOYEES;

FIRST_NAME||LAST_NAME||HIRE_DATE                                                                                                                                                                        
------------------------------------------------                                                                                                                                                        
StevenKing17-JUL-87                                                                                                                                                                                     
NeenaKochhar21-SEP-89                                                                                                                                                                                   
LexDe Haan13-JAN-93                                                                                                                                                                                     
AlexanderHunold03-JAN-90                                                                                                                                                                                
BruceErnst21-MAY-91                                                                                                                                                                                     
DianaLorentz07-FEB-99                                                                                                                                                                                   
KevinMourgos16-NOV-99                                                                                                                                                                                   
TrennaRajs17-OCT-95                                                                                                                                                                                     
CurtisDavies29-JAN-97                                                                                                                                                                                   
RandallMatos15-MAR-98                                                                                                                                                                                   
PeterVargas09-JUL-98                                                                                                                                                                                    
EleniZlotkey29-JAN-00                                                                                                                                                                                   
EllenAbel11-MAY-96                                                                                                                                                                                      
JonathonTaylor24-MAR-98                                                                                                                                                                                 
KimerelyGrant24-MAY-99                                                                                                                                                                                  
JenniferWhalen17-SEP-87                                                                                                                                                                                 
MichaelHartstein17-FEB-96                                                                                                                                                                               
PatFay17-AUG-97                                                                                                                                                                                         
ShelleyHiggins07-JUN-94                                                                                                                                                                                 
WilliamGietz07-JUN-94                                                                                                                                                                                   

20 rows selected.

SQL> SELECT FIRST_NAME || ' ' || LAST_NAME FROM EMPLOYEES;

FIRST_NAME||''||LAST_NAME                                                                                                                                                                               
-------------------------------                                                                                                                                                                         
Steven King                                                                                                                                                                                             
Neena Kochhar                                                                                                                                                                                           
Lex De Haan                                                                                                                                                                                             
Alexander Hunold                                                                                                                                                                                        
Bruce Ernst                                                                                                                                                                                             
Diana Lorentz                                                                                                                                                                                           
Kevin Mourgos                                                                                                                                                                                           
Trenna Rajs                                                                                                                                                                                             
Curtis Davies                                                                                                                                                                                           
Randall Matos                                                                                                                                                                                           
Peter Vargas                                                                                                                                                                                            
Eleni Zlotkey                                                                                                                                                                                           
Ellen Abel                                                                                                                                                                                              
Jonathon Taylor                                                                                                                                                                                         
Kimerely Grant                                                                                                                                                                                          
Jennifer Whalen                                                                                                                                                                                         
Michael Hartstein                                                                                                                                                                                       
Pat Fay                                                                                                                                                                                                 
Shelley Higgins                                                                                                                                                                                         
William Gietz                                                                                                                                                                                           

20 rows selected.

SQL> SELECT FIRST_NAME || '-' || LAST_NAME FROM EMPLOYEES;

FIRST_NAME||'-'||LAST_NAME                                                                                                                                                                              
-------------------------------                                                                                                                                                                         
Steven-King                                                                                                                                                                                             
Neena-Kochhar                                                                                                                                                                                           
Lex-De Haan                                                                                                                                                                                             
Alexander-Hunold                                                                                                                                                                                        
Bruce-Ernst                                                                                                                                                                                             
Diana-Lorentz                                                                                                                                                                                           
Kevin-Mourgos                                                                                                                                                                                           
Trenna-Rajs                                                                                                                                                                                             
Curtis-Davies                                                                                                                                                                                           
Randall-Matos                                                                                                                                                                                           
Peter-Vargas                                                                                                                                                                                            
Eleni-Zlotkey                                                                                                                                                                                           
Ellen-Abel                                                                                                                                                                                              
Jonathon-Taylor                                                                                                                                                                                         
Kimerely-Grant                                                                                                                                                                                          
Jennifer-Whalen                                                                                                                                                                                         
Michael-Hartstein                                                                                                                                                                                       
Pat-Fay                                                                                                                                                                                                 
Shelley-Higgins                                                                                                                                                                                         
William-Gietz                                                                                                                                                                                           

20 rows selected.

SQL> SELECT FIRST_NAME || ' - ' || LAST_NAME FROM EMPLOYEES;

FIRST_NAME||'-'||LAST_NAME                                                                                                                                                                              
---------------------------------                                                                                                                                                                       
Steven - King                                                                                                                                                                                           
Neena - Kochhar                                                                                                                                                                                         
Lex - De Haan                                                                                                                                                                                           
Alexander - Hunold                                                                                                                                                                                      
Bruce - Ernst                                                                                                                                                                                           
Diana - Lorentz                                                                                                                                                                                         
Kevin - Mourgos                                                                                                                                                                                         
Trenna - Rajs                                                                                                                                                                                           
Curtis - Davies                                                                                                                                                                                         
Randall - Matos                                                                                                                                                                                         
Peter - Vargas                                                                                                                                                                                          
Eleni - Zlotkey                                                                                                                                                                                         
Ellen - Abel                                                                                                                                                                                            
Jonathon - Taylor                                                                                                                                                                                       
Kimerely - Grant                                                                                                                                                                                        
Jennifer - Whalen                                                                                                                                                                                       
Michael - Hartstein                                                                                                                                                                                     
Pat - Fay                                                                                                                                                                                               
Shelley - Higgins                                                                                                                                                                                       
William - Gietz                                                                                                                                                                                         

20 rows selected.

SQL> SELECT * FROM EMPLOYEES;

EMPLOYEE_ID FIRST_NAME      LAST_NAME       EMAIL      PHONE_NUMBER         HIRE_DATE JOB_ID         SALARY COMMISSION_PCT MANAGER_ID DEPARTMENT_ID                                                     
----------- --------------- --------------- ---------- -------------------- --------- ---------- ---------- -------------- ---------- -------------                                                     
        100 Steven          King            SKING      515.123.4567         17-JUL-87 AD_PRES         24000                                      90                                                     
        101 Neena           Kochhar         NKOCHHAR   515.123.4568         21-SEP-89 AD_VP           17000                       100            90                                                     
        102 Lex             De Haan         LDEHAAN    515.123.4569         13-JAN-93 AD_VP           17000                       100            90                                                     
        103 Alexander       Hunold          AHUNOLD    590.423.4567         03-JAN-90 IT_PROG          9000                       102            60                                                     
        104 Bruce           Ernst           BERNST     590.423.4568         21-MAY-91 IT_PROG          6000                       103            60                                                     
        107 Diana           Lorentz         DLORENTZ   590.423.5567         07-FEB-99 IT_PROG          4200                       103            60                                                     
        124 Kevin           Mourgos         KMOURGOS   650.123.5234         16-NOV-99 ST_MAN           5800                       100            50                                                     
        141 Trenna          Rajs            TRAJS      650.121.8009         17-OCT-95 ST_CLERK         3500                       124            50                                                     
        142 Curtis          Davies          CDAVIES    650.121.2994         29-JAN-97 ST_CLERK         3100                       124            50                                                     
        143 Randall         Matos           RMATOS     650.121.2874         15-MAR-98 ST_CLERK         2600                       124            50                                                     
        144 Peter           Vargas          PVARGAS    650.121.2004         09-JUL-98 ST_CLERK         2500                       124            50                                                     
        149 Eleni           Zlotkey         EZLOTKEY   011.44.1344.429018   29-JAN-00 SA_MAN          10500             .2        100            80                                                     
        174 Ellen           Abel            EABEL      011.44.1644.429267   11-MAY-96 SA_REP          11000             .3        149            80                                                     
        176 Jonathon        Taylor          JTAYLOR    011.44.1644.429265   24-MAR-98 SA_REP           8600             .3        149            80                                                     
        178 Kimerely        Grant           KGRANT     011.44.1644.429263   24-MAY-99 SA_REP           7000            .15        149                                                                   
        200 Jennifer        Whalen          JWHALEN    515.123.4444         17-SEP-87 AD_ASST          4400                       101            10                                                     
        201 Michael         Hartstein       MHARTSTE   515.123.5555         17-FEB-96 MK_MAN          13000                       100            20                                                     
        202 Pat             Fay             PFAY       603.123.6666         17-AUG-97 MK_REP           6000                       201            20                                                     
        205 Shelley         Higgins         SHIGGINS   515.123.8080         07-JUN-94 AC_MGR          12000                       101           110                                                     
        206 William         Gietz           WGIETZ     515.123.8181         07-JUN-94 AC_ACCOUNT       8300                       205           110                                                     

20 rows selected.

SQL> REM Steven gets Rs.24000 salary.
SQL> 
SQL> REM FIRST_NAME     SALARY
SQL> 
SQL> SELECT FIRST_NAME || SALARY FROM EMPLOYEES;

FIRST_NAME||SALARY                                                                                                                                                                                      
-------------------------------------------------------                                                                                                                                                 
Steven24000                                                                                                                                                                                             
Neena17000                                                                                                                                                                                              
Lex17000                                                                                                                                                                                                
Alexander9000                                                                                                                                                                                           
Bruce6000                                                                                                                                                                                               
Diana4200                                                                                                                                                                                               
Kevin5800                                                                                                                                                                                               
Trenna3500                                                                                                                                                                                              
Curtis3100                                                                                                                                                                                              
Randall2600                                                                                                                                                                                             
Peter2500                                                                                                                                                                                               
Eleni10500                                                                                                                                                                                              
Ellen11000                                                                                                                                                                                              
Jonathon8600                                                                                                                                                                                            
Kimerely7000                                                                                                                                                                                            
Jennifer4400                                                                                                                                                                                            
Michael13000                                                                                                                                                                                            
Pat6000                                                                                                                                                                                                 
Shelley12000                                                                                                                                                                                            
William8300                                                                                                                                                                                             

20 rows selected.

SQL> SELECT FIRST_NAME || ' gets Rs.' || SALARY || ' salary.' FROM EMPLOYEES;

FIRST_NAME||'GETSRS.'||SALARY||'SALARY.'                                                                                                                                                                
------------------------------------------------------------------------                                                                                                                                
Steven gets Rs.24000 salary.                                                                                                                                                                            
Neena gets Rs.17000 salary.                                                                                                                                                                             
Lex gets Rs.17000 salary.                                                                                                                                                                               
Alexander gets Rs.9000 salary.                                                                                                                                                                          
Bruce gets Rs.6000 salary.                                                                                                                                                                              
Diana gets Rs.4200 salary.                                                                                                                                                                              
Kevin gets Rs.5800 salary.                                                                                                                                                                              
Trenna gets Rs.3500 salary.                                                                                                                                                                             
Curtis gets Rs.3100 salary.                                                                                                                                                                             
Randall gets Rs.2600 salary.                                                                                                                                                                            
Peter gets Rs.2500 salary.                                                                                                                                                                              
Eleni gets Rs.10500 salary.                                                                                                                                                                             
Ellen gets Rs.11000 salary.                                                                                                                                                                             
Jonathon gets Rs.8600 salary.                                                                                                                                                                           
Kimerely gets Rs.7000 salary.                                                                                                                                                                           
Jennifer gets Rs.4400 salary.                                                                                                                                                                           
Michael gets Rs.13000 salary.                                                                                                                                                                           
Pat gets Rs.6000 salary.                                                                                                                                                                                
Shelley gets Rs.12000 salary.                                                                                                                                                                           
William gets Rs.8300 salary.                                                                                                                                                                            

20 rows selected.

SQL> SELECT * FROM EMPLOYEES;

EMPLOYEE_ID FIRST_NAME      LAST_NAME       EMAIL      PHONE_NUMBER         HIRE_DATE JOB_ID         SALARY COMMISSION_PCT MANAGER_ID DEPARTMENT_ID                                                     
----------- --------------- --------------- ---------- -------------------- --------- ---------- ---------- -------------- ---------- -------------                                                     
        100 Steven          King            SKING      515.123.4567         17-JUL-87 AD_PRES         24000                                      90                                                     
        101 Neena           Kochhar         NKOCHHAR   515.123.4568         21-SEP-89 AD_VP           17000                       100            90                                                     
        102 Lex             De Haan         LDEHAAN    515.123.4569         13-JAN-93 AD_VP           17000                       100            90                                                     
        103 Alexander       Hunold          AHUNOLD    590.423.4567         03-JAN-90 IT_PROG          9000                       102            60                                                     
        104 Bruce           Ernst           BERNST     590.423.4568         21-MAY-91 IT_PROG          6000                       103            60                                                     
        107 Diana           Lorentz         DLORENTZ   590.423.5567         07-FEB-99 IT_PROG          4200                       103            60                                                     
        124 Kevin           Mourgos         KMOURGOS   650.123.5234         16-NOV-99 ST_MAN           5800                       100            50                                                     
        141 Trenna          Rajs            TRAJS      650.121.8009         17-OCT-95 ST_CLERK         3500                       124            50                                                     
        142 Curtis          Davies          CDAVIES    650.121.2994         29-JAN-97 ST_CLERK         3100                       124            50                                                     
        143 Randall         Matos           RMATOS     650.121.2874         15-MAR-98 ST_CLERK         2600                       124            50                                                     
        144 Peter           Vargas          PVARGAS    650.121.2004         09-JUL-98 ST_CLERK         2500                       124            50                                                     
        149 Eleni           Zlotkey         EZLOTKEY   011.44.1344.429018   29-JAN-00 SA_MAN          10500             .2        100            80                                                     
        174 Ellen           Abel            EABEL      011.44.1644.429267   11-MAY-96 SA_REP          11000             .3        149            80                                                     
        176 Jonathon        Taylor          JTAYLOR    011.44.1644.429265   24-MAR-98 SA_REP           8600             .3        149            80                                                     
        178 Kimerely        Grant           KGRANT     011.44.1644.429263   24-MAY-99 SA_REP           7000            .15        149                                                                   
        200 Jennifer        Whalen          JWHALEN    515.123.4444         17-SEP-87 AD_ASST          4400                       101            10                                                     
        201 Michael         Hartstein       MHARTSTE   515.123.5555         17-FEB-96 MK_MAN          13000                       100            20                                                     
        202 Pat             Fay             PFAY       603.123.6666         17-AUG-97 MK_REP           6000                       201            20                                                     
        205 Shelley         Higgins         SHIGGINS   515.123.8080         07-JUN-94 AC_MGR          12000                       101           110                                                     
        206 William         Gietz           WGIETZ     515.123.8181         07-JUN-94 AC_ACCOUNT       8300                       205           110                                                     

20 rows selected.

SQL> REM King was hired on 17-JUL-87.
SQL> 
SQL> SELECT LAST_NAME || ' was hired on ' || HIRE_DATE || '.' FROM EMPLOYEES;

LAST_NAME||'WASHIREDON'||HIRE_DATE||'.'                                                                                                                                                                 
------------------------------------------------                                                                                                                                                        
King was hired on 17-JUL-87.                                                                                                                                                                            
Kochhar was hired on 21-SEP-89.                                                                                                                                                                         
De Haan was hired on 13-JAN-93.                                                                                                                                                                         
Hunold was hired on 03-JAN-90.                                                                                                                                                                          
Ernst was hired on 21-MAY-91.                                                                                                                                                                           
Lorentz was hired on 07-FEB-99.                                                                                                                                                                         
Mourgos was hired on 16-NOV-99.                                                                                                                                                                         
Rajs was hired on 17-OCT-95.                                                                                                                                                                            
Davies was hired on 29-JAN-97.                                                                                                                                                                          
Matos was hired on 15-MAR-98.                                                                                                                                                                           
Vargas was hired on 09-JUL-98.                                                                                                                                                                          
Zlotkey was hired on 29-JAN-00.                                                                                                                                                                         
Abel was hired on 11-MAY-96.                                                                                                                                                                            
Taylor was hired on 24-MAR-98.                                                                                                                                                                          
Grant was hired on 24-MAY-99.                                                                                                                                                                           
Whalen was hired on 17-SEP-87.                                                                                                                                                                          
Hartstein was hired on 17-FEB-96.                                                                                                                                                                       
Fay was hired on 17-AUG-97.                                                                                                                                                                             
Higgins was hired on 07-JUN-94.                                                                                                                                                                         
Gietz was hired on 07-JUN-94.                                                                                                                                                                           

20 rows selected.

SQL> SELECT * FROM EMPLOYEES;

EMPLOYEE_ID FIRST_NAME      LAST_NAME       EMAIL      PHONE_NUMBER         HIRE_DATE JOB_ID         SALARY COMMISSION_PCT MANAGER_ID DEPARTMENT_ID                                                     
----------- --------------- --------------- ---------- -------------------- --------- ---------- ---------- -------------- ---------- -------------                                                     
        100 Steven          King            SKING      515.123.4567         17-JUL-87 AD_PRES         24000                                      90                                                     
        101 Neena           Kochhar         NKOCHHAR   515.123.4568         21-SEP-89 AD_VP           17000                       100            90                                                     
        102 Lex             De Haan         LDEHAAN    515.123.4569         13-JAN-93 AD_VP           17000                       100            90                                                     
        103 Alexander       Hunold          AHUNOLD    590.423.4567         03-JAN-90 IT_PROG          9000                       102            60                                                     
        104 Bruce           Ernst           BERNST     590.423.4568         21-MAY-91 IT_PROG          6000                       103            60                                                     
        107 Diana           Lorentz         DLORENTZ   590.423.5567         07-FEB-99 IT_PROG          4200                       103            60                                                     
        124 Kevin           Mourgos         KMOURGOS   650.123.5234         16-NOV-99 ST_MAN           5800                       100            50                                                     
        141 Trenna          Rajs            TRAJS      650.121.8009         17-OCT-95 ST_CLERK         3500                       124            50                                                     
        142 Curtis          Davies          CDAVIES    650.121.2994         29-JAN-97 ST_CLERK         3100                       124            50                                                     
        143 Randall         Matos           RMATOS     650.121.2874         15-MAR-98 ST_CLERK         2600                       124            50                                                     
        144 Peter           Vargas          PVARGAS    650.121.2004         09-JUL-98 ST_CLERK         2500                       124            50                                                     
        149 Eleni           Zlotkey         EZLOTKEY   011.44.1344.429018   29-JAN-00 SA_MAN          10500             .2        100            80                                                     
        174 Ellen           Abel            EABEL      011.44.1644.429267   11-MAY-96 SA_REP          11000             .3        149            80                                                     
        176 Jonathon        Taylor          JTAYLOR    011.44.1644.429265   24-MAR-98 SA_REP           8600             .3        149            80                                                     
        178 Kimerely        Grant           KGRANT     011.44.1644.429263   24-MAY-99 SA_REP           7000            .15        149                                                                   
        200 Jennifer        Whalen          JWHALEN    515.123.4444         17-SEP-87 AD_ASST          4400                       101            10                                                     
        201 Michael         Hartstein       MHARTSTE   515.123.5555         17-FEB-96 MK_MAN          13000                       100            20                                                     
        202 Pat             Fay             PFAY       603.123.6666         17-AUG-97 MK_REP           6000                       201            20                                                     
        205 Shelley         Higgins         SHIGGINS   515.123.8080         07-JUN-94 AC_MGR          12000                       101           110                                                     
        206 William         Gietz           WGIETZ     515.123.8181         07-JUN-94 AC_ACCOUNT       8300                       205           110                                                     

20 rows selected.

SQL> REM King, Steven has joined on 17-JUL-87 and gets 24000 as monthly salary.
SQL> 
SQL> SELECT LAST_NAME || ', ' || FIRST_NAME || ' has joined on ' || HIRE_DATE || ' and gets ' || SALARY || ' as monthly salary.' FROM EMPLOYEES;

LAST_NAME||','||FIRST_NAME||'HASJOINEDON'||HIRE_DATE||'ANDGETS'||SALARY||'ASMONTHLYSALARY.'                                                                                                             
--------------------------------------------------------------------------------------------------------------------------------------                                                                  
King, Steven has joined on 17-JUL-87 and gets 24000 as monthly salary.                                                                                                                                  
Kochhar, Neena has joined on 21-SEP-89 and gets 17000 as monthly salary.                                                                                                                                
De Haan, Lex has joined on 13-JAN-93 and gets 17000 as monthly salary.                                                                                                                                  
Hunold, Alexander has joined on 03-JAN-90 and gets 9000 as monthly salary.                                                                                                                              
Ernst, Bruce has joined on 21-MAY-91 and gets 6000 as monthly salary.                                                                                                                                   
Lorentz, Diana has joined on 07-FEB-99 and gets 4200 as monthly salary.                                                                                                                                 
Mourgos, Kevin has joined on 16-NOV-99 and gets 5800 as monthly salary.                                                                                                                                 
Rajs, Trenna has joined on 17-OCT-95 and gets 3500 as monthly salary.                                                                                                                                   
Davies, Curtis has joined on 29-JAN-97 and gets 3100 as monthly salary.                                                                                                                                 
Matos, Randall has joined on 15-MAR-98 and gets 2600 as monthly salary.                                                                                                                                 
Vargas, Peter has joined on 09-JUL-98 and gets 2500 as monthly salary.                                                                                                                                  
Zlotkey, Eleni has joined on 29-JAN-00 and gets 10500 as monthly salary.                                                                                                                                
Abel, Ellen has joined on 11-MAY-96 and gets 11000 as monthly salary.                                                                                                                                   
Taylor, Jonathon has joined on 24-MAR-98 and gets 8600 as monthly salary.                                                                                                                               
Grant, Kimerely has joined on 24-MAY-99 and gets 7000 as monthly salary.                                                                                                                                
Whalen, Jennifer has joined on 17-SEP-87 and gets 4400 as monthly salary.                                                                                                                               
Hartstein, Michael has joined on 17-FEB-96 and gets 13000 as monthly salary.                                                                                                                            
Fay, Pat has joined on 17-AUG-97 and gets 6000 as monthly salary.                                                                                                                                       
Higgins, Shelley has joined on 07-JUN-94 and gets 12000 as monthly salary.                                                                                                                              
Gietz, William has joined on 07-JUN-94 and gets 8300 as monthly salary.                                                                                                                                 

20 rows selected.

SQL> REM ARITHMETIC OPERATORS :
SQL> 
SQL> REM ARITHMETIC OPERATORS : / * + -
> 
SQL> REM / : FOR DIVISION
SQL> 
SQL> REM * : FOR MULTIPLICATION
SQL> 
SQL> REM + :  FOR ADDITION
SQL> 
SQL> REM - : FOR SUBTRACTION
SQL> 
SQL> 
SQL> REM 1 MONTH = 30 DAYS
SQL> 
SQL> REM DAILY SALARY = SALARY / 30
SQL> 
SQL> SELECT FIRST_NAME , SALARY , SALARY / 30 FROM EMPLOYEES;

FIRST_NAME          SALARY  SALARY/30                                                                                                                                                                   
--------------- ---------- ----------                                                                                                                                                                   
Steven               24000        800                                                                                                                                                                   
Neena                17000 566.666667                                                                                                                                                                   
Lex                  17000 566.666667                                                                                                                                                                   
Alexander             9000        300                                                                                                                                                                   
Bruce                 6000        200                                                                                                                                                                   
Diana                 4200        140                                                                                                                                                                   
Kevin                 5800 193.333333                                                                                                                                                                   
Trenna                3500 116.666667                                                                                                                                                                   
Curtis                3100 103.333333                                                                                                                                                                   
Randall               2600 86.6666667                                                                                                                                                                   
Peter                 2500 83.3333333                                                                                                                                                                   
Eleni                10500        350                                                                                                                                                                   
Ellen                11000 366.666667                                                                                                                                                                   
Jonathon              8600 286.666667                                                                                                                                                                   
Kimerely              7000 233.333333                                                                                                                                                                   
Jennifer              4400 146.666667                                                                                                                                                                   
Michael              13000 433.333333                                                                                                                                                                   
Pat                   6000        200                                                                                                                                                                   
Shelley              12000        400                                                                                                                                                                   
William               8300 276.666667                                                                                                                                                                   

20 rows selected.

SQL> REM YEARLY SALARY
SQL> 
SQL> SELECT FIRST_NAME , SALARY , SALARY * 12 FROM EMPLOYEES;

FIRST_NAME          SALARY  SALARY*12                                                                                                                                                                   
--------------- ---------- ----------                                                                                                                                                                   
Steven               24000     288000                                                                                                                                                                   
Neena                17000     204000                                                                                                                                                                   
Lex                  17000     204000                                                                                                                                                                   
Alexander             9000     108000                                                                                                                                                                   
Bruce                 6000      72000                                                                                                                                                                   
Diana                 4200      50400                                                                                                                                                                   
Kevin                 5800      69600                                                                                                                                                                   
Trenna                3500      42000                                                                                                                                                                   
Curtis                3100      37200                                                                                                                                                                   
Randall               2600      31200                                                                                                                                                                   
Peter                 2500      30000                                                                                                                                                                   
Eleni                10500     126000                                                                                                                                                                   
Ellen                11000     132000                                                                                                                                                                   
Jonathon              8600     103200                                                                                                                                                                   
Kimerely              7000      84000                                                                                                                                                                   
Jennifer              4400      52800                                                                                                                                                                   
Michael              13000     156000                                                                                                                                                                   
Pat                   6000      72000                                                                                                                                                                   
Shelley              12000     144000                                                                                                                                                                   
William               8300      99600                                                                                                                                                                   

20 rows selected.

SQL> REM +1500
SQL> 
SQL> SELECT FIRST_NAME , SALARY , SALARY + 1500 FROM EMPLOYEES;

FIRST_NAME          SALARY SALARY+1500                                                                                                                                                                  
--------------- ---------- -----------                                                                                                                                                                  
Steven               24000       25500                                                                                                                                                                  
Neena                17000       18500                                                                                                                                                                  
Lex                  17000       18500                                                                                                                                                                  
Alexander             9000       10500                                                                                                                                                                  
Bruce                 6000        7500                                                                                                                                                                  
Diana                 4200        5700                                                                                                                                                                  
Kevin                 5800        7300                                                                                                                                                                  
Trenna                3500        5000                                                                                                                                                                  
Curtis                3100        4600                                                                                                                                                                  
Randall               2600        4100                                                                                                                                                                  
Peter                 2500        4000                                                                                                                                                                  
Eleni                10500       12000                                                                                                                                                                  
Ellen                11000       12500                                                                                                                                                                  
Jonathon              8600       10100                                                                                                                                                                  
Kimerely              7000        8500                                                                                                                                                                  
Jennifer              4400        5900                                                                                                                                                                  
Michael              13000       14500                                                                                                                                                                  
Pat                   6000        7500                                                                                                                                                                  
Shelley              12000       13500                                                                                                                                                                  
William               8300        9800                                                                                                                                                                  

20 rows selected.

SQL> REM -600
SQL> 
SQL> 
SQL> SELECT FIRST_NAME , SALARY , SALARY - 600 FROM EMPLOYEES;

FIRST_NAME          SALARY SALARY-600                                                                                                                                                                   
--------------- ---------- ----------                                                                                                                                                                   
Steven               24000      23400                                                                                                                                                                   
Neena                17000      16400                                                                                                                                                                   
Lex                  17000      16400                                                                                                                                                                   
Alexander             9000       8400                                                                                                                                                                   
Bruce                 6000       5400                                                                                                                                                                   
Diana                 4200       3600                                                                                                                                                                   
Kevin                 5800       5200                                                                                                                                                                   
Trenna                3500       2900                                                                                                                                                                   
Curtis                3100       2500                                                                                                                                                                   
Randall               2600       2000                                                                                                                                                                   
Peter                 2500       1900                                                                                                                                                                   
Eleni                10500       9900                                                                                                                                                                   
Ellen                11000      10400                                                                                                                                                                   
Jonathon              8600       8000                                                                                                                                                                   
Kimerely              7000       6400                                                                                                                                                                   
Jennifer              4400       3800                                                                                                                                                                   
Michael              13000      12400                                                                                                                                                                   
Pat                   6000       5400                                                                                                                                                                   
Shelley              12000      11400                                                                                                                                                                   
William               8300       7700                                                                                                                                                                   

20 rows selected.

SQL> REM PRECEDENCE : ORDER/SEQUENCE OF EXECUTION
SQL> 
SQL> SELECT 4 + 5 * 3 FROM DUAL;

     4+5*3                                                                                                                                                                                              
----------                                                                                                                                                                                              
        19                                                                                                                                                                                              

SQL> REM B E D M C A S
SQL> 
SQL> REM PRECEDENCE : ORDER/SEQUENCE OF EXECUTION
SQL> 
SQL> REM 1 BRACKETS : () :  (  )  (  )  : LEFT TO RIGHT , (   (  )  ) : NESTED BRACKETS : INNER TO OUTER
SQL> 
SQL> REM 2 EXPONENT : POWER(4,2) = 16 , POWER(36,1/2) : 6 LTOR , ITOO
SQL> 
SQL> REM 3 / * : LEFT TO RIGHT IN FORMULA
SQL> 
SQL> REM 4 || + -  : LEFT TO RIGHT IN FORMULA
SQL> 
SQL> SELECT (4 + 5) * 3 FROM DUAL;

   (4+5)*3                                                                                                                                                                                              
----------                                                                                                                                                                                              
        27                                                                                                                                                                                              

SQL> SPOOL OFF
