SQL> 
SQL> REM UPPER LOWER INITCAP
SQL> 
SQL> REM CONCAT LPAD RPAD LTRIM RTRIM
SQL> 
SQL> REM TRIM LENGTH TRANSLATE REPLACE SUBSTR INSTR
SQL> 
SQL> REM TRIM : TO TRIM/REMOVE SOME CHARACTER/SUCCESSIVE CHARACTERS FROM LEFT/RIGHT OR BOTH SIDES
SQL> 
SQL> REM WE CAN SPECIFY SINGLE CHARACTER ONLY, FOR REMOVAL.
SQL> 
SQL> SELECT LENGTH('RAM') FROM DUAL;

LENGTH('RAM')                                                                                                                                                                                           
-------------                                                                                                                                                                                           
            3                                                                                                                                                                                           

SQL> SELECT LENGTH('R A M') FROM DUAL;

LENGTH('RAM')                                                                                                                                                                                           
-------------                                                                                                                                                                                           
            5                                                                                                                                                                                           

SQL> SELECT LENGTH('  R A M') FROM DUAL;

LENGTH('RAM')                                                                                                                                                                                           
-------------                                                                                                                                                                                           
            7                                                                                                                                                                                           

SQL> SELECT LENGTH('  R A M   ') FROM DUAL;

LENGTH('RAM')                                                                                                                                                                                           
-------------                                                                                                                                                                                           
           10                                                                                                                                                                                           

SQL> SELECT LENGTH(LTRIM('  R A M   ')) FROM DUAL;

LENGTH(LTRIM('RAM'))                                                                                                                                                                                    
--------------------                                                                                                                                                                                    
                   8                                                                                                                                                                                    

SQL> SELECT LENGTH(RTRIM('  R A M   ')) FROM DUAL;

LENGTH(RTRIM('RAM'))                                                                                                                                                                                    
--------------------                                                                                                                                                                                    
                   7                                                                                                                                                                                    

SQL> SELECT LENGTH(LTRIM(RTRIM('  R A M   '))) FROM DUAL;

LENGTH(LTRIM(RTRIM('RAM')))                                                                                                                                                                             
---------------------------                                                                                                                                                                             
                          5                                                                                                                                                                             

SQL> SELECT LENGTH(TRIM('  R A M   ')) FROM DUAL;

LENGTH(TRIM('RAM'))                                                                                                                                                                                     
-------------------                                                                                                                                                                                     
                  5                                                                                                                                                                                     

SQL> SELECT LENGTH(TRIM(' ' FROM '  R A M   ')) FROM DUAL;

LENGTH(TRIM(''FROM'RAM'))                                                                                                                                                                               
-------------------------                                                                                                                                                                               
                        5                                                                                                                                                                               

SQL> SELECT LENGTH(TRIM(LEADING ' ' FROM '  R A M   ')) FROM DUAL;

LENGTH(TRIM(LEADING''FROM'RAM'))                                                                                                                                                                        
--------------------------------                                                                                                                                                                        
                               8                                                                                                                                                                        

SQL> SELECT LENGTH(TRIM(TRAILING ' ' FROM '  R A M   ')) FROM DUAL;

LENGTH(TRIM(TRAILING''FROM'RAM'))                                                                                                                                                                       
---------------------------------                                                                                                                                                                       
                                7                                                                                                                                                                       

SQL> SELECT LENGTH(TRIM(' ' FROM '  R A M   ')) FROM DUAL;

LENGTH(TRIM(''FROM'RAM'))                                                                                                                                                                               
-------------------------                                                                                                                                                                               
                        5                                                                                                                                                                               

SQL> SELECT LENGTH(TRIM(BOTH ' ' FROM '  R A M   ')) FROM DUAL;

LENGTH(TRIM(BOTH''FROM'RAM'))                                                                                                                                                                           
-----------------------------                                                                                                                                                                           
                            5                                                                                                                                                                           

SQL> SELECT HIRE_DATE FROM EMPLOYEES;
SELECT HIRE_DATE FROM EMPLOYEES
                      *
ERROR at line 1:
ORA-00942: table or view does not exist 


SQL> CONN SCOTT/TIGER
Connected.
SQL> SELECT HIRE_DATE FROM EMPLOYEES;

HIRE_DATE                                                                                                                                                                                               
---------                                                                                                                                                                                               
17-JUL-87                                                                                                                                                                                               
21-SEP-89                                                                                                                                                                                               
13-JAN-93                                                                                                                                                                                               
03-JAN-90                                                                                                                                                                                               
21-MAY-91                                                                                                                                                                                               
07-FEB-99                                                                                                                                                                                               
16-NOV-99                                                                                                                                                                                               
17-OCT-95                                                                                                                                                                                               
29-JAN-97                                                                                                                                                                                               
15-MAR-98                                                                                                                                                                                               
09-JUL-98                                                                                                                                                                                               
29-JAN-00                                                                                                                                                                                               
11-MAY-96                                                                                                                                                                                               
24-MAR-98                                                                                                                                                                                               
24-MAY-99                                                                                                                                                                                               
17-SEP-87                                                                                                                                                                                               
17-FEB-96                                                                                                                                                                                               
17-AUG-97                                                                                                                                                                                               
07-JUN-94                                                                                                                                                                                               
07-JUN-94                                                                                                                                                                                               

20 rows selected.

SQL> SELECT HIRE_DATE , TRIM('0' FROM HIRE_DATE) FROM EMPLOYEES;

HIRE_DATE TRIM('0'FROMHIRE_D                                                                                                                                                                            
--------- ------------------                                                                                                                                                                            
17-JUL-87 17-JUL-87                                                                                                                                                                                     
21-SEP-89 21-SEP-89                                                                                                                                                                                     
13-JAN-93 13-JAN-93                                                                                                                                                                                     
03-JAN-90 3-JAN-9                                                                                                                                                                                       
21-MAY-91 21-MAY-91                                                                                                                                                                                     
07-FEB-99 7-FEB-99                                                                                                                                                                                      
16-NOV-99 16-NOV-99                                                                                                                                                                                     
17-OCT-95 17-OCT-95                                                                                                                                                                                     
29-JAN-97 29-JAN-97                                                                                                                                                                                     
15-MAR-98 15-MAR-98                                                                                                                                                                                     
09-JUL-98 9-JUL-98                                                                                                                                                                                      
29-JAN-00 29-JAN-                                                                                                                                                                                       
11-MAY-96 11-MAY-96                                                                                                                                                                                     
24-MAR-98 24-MAR-98                                                                                                                                                                                     
24-MAY-99 24-MAY-99                                                                                                                                                                                     
17-SEP-87 17-SEP-87                                                                                                                                                                                     
17-FEB-96 17-FEB-96                                                                                                                                                                                     
17-AUG-97 17-AUG-97                                                                                                                                                                                     
07-JUN-94 7-JUN-94                                                                                                                                                                                      
07-JUN-94 7-JUN-94                                                                                                                                                                                      

20 rows selected.

SQL> SELECT * FROM EMPLOYEES;

EMPLOYEE_ID FIRST_NAME      LAST_NAME       EMAIL      PHONE_NUMBER         HIRE_DATE JOB_ID         SALARY COMMISSION_PCT MANAGER_ID DEPARTMENT_ID                                                     
----------- --------------- --------------- ---------- -------------------- --------- ---------- ---------- -------------- ---------- -------------                                                     
        100 Steven          King            SKING      515.123.4567         17-JUL-87 AD_PRES         24000                                      90                                                     
        101 Neena           Kochhar         NKOCHHAR   515.123.4568         21-SEP-89 AD_VP           17000                       100            90                                                     
        102 Lex             De Haan         LDEHAAN    515.123.4569         13-JAN-93 AD_VP           17000                       100            90                                                     
        103 Alexander       Hunold          AHUNOLD    590.423.4567         03-JAN-90 IT_PROG          9000                       102            60                                                     
        104 Bruce           Ernst           BERNST     590.423.4568         21-MAY-91 IT_PROG          6000                       103            60                                                     
        107 Diana           Lorentz         DLORENTZ   590.423.5567         07-FEB-99 IT_PROG          4200                       103            60                                                     
        124 Kevin           Mourgos         KMOURGOS   650.123.5234         16-NOV-99 ST_MAN           5800                       100            50                                                     
        141 Trenna          Rajs            TRAJS      650.121.8009         17-OCT-95 ST_CLERK         3500                       124            50                                                     
        142 Curtis          Davies          CDAVIES    650.121.2994         29-JAN-97 ST_CLERK         3100                       124            50                                                     
        143 Randall         Matos           RMATOS     650.121.2874         15-MAR-98 ST_CLERK         2600                       124            50                                                     
        144 Peter           Vargas                     650.121.2004         09-JUL-98 ST_CLERK         2500                       124            50                                                     
        149 Eleni           Zlotkey         EZLOTKEY   011.44.1344.429018   29-JAN-00 SA_MAN          10500             .2        100            80                                                     
        174 Ellen           Abel            EABEL      011.44.1644.429267   11-MAY-96 SA_REP          11000             .3        149            80                                                     
        176 Jonathon        Taylor          JTAYLOR    011.44.1644.429265   24-MAR-98 SA_REP           8600             .3        149            80                                                     
        178 Kimerely        Grant           KGRANT     011.44.1644.429263   24-MAY-99 SA_REP           7000            .15        149                                                                   
        200 Jennifer        Whalen          JWHALEN    515.123.4444         17-SEP-87 AD_ASST          4400                       101            10                                                     
        201 Michael         Hartstein       MHARTSTE   515.123.5555         17-FEB-96 MK_MAN          13000                       100            20                                                     
        202 Pat             Fay             PFAY       603.123.6666         17-AUG-97 MK_REP           6000                       201            20                                                     
        205 Shelley         Higgins         SHIGGINS   515.123.8080         07-JUN-94 AC_MGR          12000                       101           110                                                     
        206 William         Gietz           WGIETZ     515.123.8181         07-JUN-94 AC_ACCOUNT       8300                       205           110                                                     

20 rows selected.

SQL> SELECT HIRE_DATE FROM EMPLOYEES;

HIRE_DATE                                                                                                                                                                                               
---------                                                                                                                                                                                               
17-JUL-87                                                                                                                                                                                               
21-SEP-89                                                                                                                                                                                               
13-JAN-93                                                                                                                                                                                               
03-JAN-90                                                                                                                                                                                               
21-MAY-91                                                                                                                                                                                               
07-FEB-99                                                                                                                                                                                               
16-NOV-99                                                                                                                                                                                               
17-OCT-95                                                                                                                                                                                               
29-JAN-97                                                                                                                                                                                               
15-MAR-98                                                                                                                                                                                               
09-JUL-98                                                                                                                                                                                               
29-JAN-00                                                                                                                                                                                               
11-MAY-96                                                                                                                                                                                               
24-MAR-98                                                                                                                                                                                               
24-MAY-99                                                                                                                                                                                               
17-SEP-87                                                                                                                                                                                               
17-FEB-96                                                                                                                                                                                               
17-AUG-97                                                                                                                                                                                               
07-JUN-94                                                                                                                                                                                               
07-JUN-94                                                                                                                                                                                               

20 rows selected.

SQL> SELECT HIRE_DATE FROM EMPLOYEES WHERE HIRE_DATE IN ('21-SEP-89','07-FEB-99','15-MAR-98');

HIRE_DATE                                                                                                                                                                                               
---------                                                                                                                                                                                               
21-SEP-89                                                                                                                                                                                               
07-FEB-99                                                                                                                                                                                               
15-MAR-98                                                                                                                                                                                               

SQL> SELECT HIRE_DATE , RTRIM(HIRE_DATE,'98') , TRIM('8' FROM TRIM('9' FROM HIRE_DATE)) FROM EMPLOYEES WHERE HIRE_DATE IN ('21-SEP-89','07-FEB-99','15-MAR-98') ORDER BY 1;

HIRE_DATE RTRIM(HIRE_DATE,'9 TRIM('8'FROMTRIM('                                                                                                                                                         
--------- ------------------ ------------------                                                                                                                                                         
21-SEP-89 21-SEP-            21-SEP-                                                                                                                                                                    
15-MAR-98 15-MAR-            15-MAR-9                                                                                                                                                                   
07-FEB-99 07-FEB-            07-FEB-                                                                                                                                                                    

SQL> SELECT HIRE_DATE , , TRIM('89' FROM HIRE_DATE) FROM EMPLOYEES WHERE HIRE_DATE IN ('21-SEP-89','07-FEB-99','15-MAR-98') ORDER BY 1;
SELECT HIRE_DATE , , TRIM('89' FROM HIRE_DATE) FROM EMPLOYEES WHERE HIRE_DATE IN ('21-SEP-89','07-FEB-99','15-MAR-98') ORDER BY 1
                   *
ERROR at line 1:
ORA-00936: missing expression 


SQL> SELECT HIRE_DATE ,  TRIM('89' FROM HIRE_DATE) FROM EMPLOYEES WHERE HIRE_DATE IN ('21-SEP-89','07-FEB-99','15-MAR-98') ORDER BY 1;
SELECT HIRE_DATE ,  TRIM('89' FROM HIRE_DATE) FROM EMPLOYEES WHERE HIRE_DATE IN ('21-SEP-89','07-FEB-99','15-MAR-98') ORDER BY 1
                    *
ERROR at line 1:
ORA-30001: trim set should have only one character 


SQL> SELECT LAST_NAME , LENGTH(LAST_NAME) FROM EMPLOYEES;

LAST_NAME       LENGTH(LAST_NAME)                                                                                                                                                                       
--------------- -----------------                                                                                                                                                                       
King                            4                                                                                                                                                                       
Kochhar                         7                                                                                                                                                                       
De Haan                         7                                                                                                                                                                       
Hunold                          6                                                                                                                                                                       
Ernst                           5                                                                                                                                                                       
Lorentz                         7                                                                                                                                                                       
Mourgos                         7                                                                                                                                                                       
Rajs                            4                                                                                                                                                                       
Davies                          6                                                                                                                                                                       
Matos                           5                                                                                                                                                                       
Vargas                          6                                                                                                                                                                       
Zlotkey                         7                                                                                                                                                                       
Abel                            4                                                                                                                                                                       
Taylor                          6                                                                                                                                                                       
Grant                           5                                                                                                                                                                       
Whalen                          6                                                                                                                                                                       
Hartstein                       9                                                                                                                                                                       
Fay                             3                                                                                                                                                                       
Higgins                         7                                                                                                                                                                       
Gietz                           5                                                                                                                                                                       

20 rows selected.

SQL> SELECT SALARY , LENGTH(SALARY) FROM EMPLOYEES;

    SALARY LENGTH(SALARY)                                                                                                                                                                               
---------- --------------                                                                                                                                                                               
     24000              5                                                                                                                                                                               
     17000              5                                                                                                                                                                               
     17000              5                                                                                                                                                                               
      9000              4                                                                                                                                                                               
      6000              4                                                                                                                                                                               
      4200              4                                                                                                                                                                               
      5800              4                                                                                                                                                                               
      3500              4                                                                                                                                                                               
      3100              4                                                                                                                                                                               
      2600              4                                                                                                                                                                               
      2500              4                                                                                                                                                                               
     10500              5                                                                                                                                                                               
     11000              5                                                                                                                                                                               
      8600              4                                                                                                                                                                               
      7000              4                                                                                                                                                                               
      4400              4                                                                                                                                                                               
     13000              5                                                                                                                                                                               
      6000              4                                                                                                                                                                               
     12000              5                                                                                                                                                                               
      8300              4                                                                                                                                                                               

20 rows selected.

SQL> SELECT SALARY , TRIM('1' FROM TRIM('0' FROM SALARY)) FROM EMPLOYEES;

    SALARY TRIM('1'FROMTRIM('0'FROMSALARY))                                                                                                                                                             
---------- ----------------------------------------                                                                                                                                                     
     24000 24                                                                                                                                                                                           
     17000 7                                                                                                                                                                                            
     17000 7                                                                                                                                                                                            
      9000 9                                                                                                                                                                                            
      6000 6                                                                                                                                                                                            
      4200 42                                                                                                                                                                                           
      5800 58                                                                                                                                                                                           
      3500 35                                                                                                                                                                                           
      3100 3                                                                                                                                                                                            
      2600 26                                                                                                                                                                                           
      2500 25                                                                                                                                                                                           
     10500 05                                                                                                                                                                                           
     11000                                                                                                                                                                                              
      8600 86                                                                                                                                                                                           
      7000 7                                                                                                                                                                                            
      4400 44                                                                                                                                                                                           
     13000 3                                                                                                                                                                                            
      6000 6                                                                                                                                                                                            
     12000 2                                                                                                                                                                                            
      8300 83                                                                                                                                                                                           

20 rows selected.

SQL> REM DISPLAY THOSE WHO GETS 5 FIGURES SALARY
SQL> 
SQL> SELECT SALARY FROM EMPLOYEES WHERE LENGTH(SALARY) = 5;

    SALARY                                                                                                                                                                                              
----------                                                                                                                                                                                              
     24000                                                                                                                                                                                              
     17000                                                                                                                                                                                              
     17000                                                                                                                                                                                              
     10500                                                                                                                                                                                              
     11000                                                                                                                                                                                              
     13000                                                                                                                                                                                              
     12000                                                                                                                                                                                              

7 rows selected.

SQL> SELECT SALARY FROM EMPLOYEES WHERE SALARY LIKE '_____';

    SALARY                                                                                                                                                                                              
----------                                                                                                                                                                                              
     24000                                                                                                                                                                                              
     17000                                                                                                                                                                                              
     17000                                                                                                                                                                                              
     10500                                                                                                                                                                                              
     11000                                                                                                                                                                                              
     13000                                                                                                                                                                                              
     12000                                                                                                                                                                                              

7 rows selected.

SQL> SELECT * FROM EMPLOYEES;

EMPLOYEE_ID FIRST_NAME      LAST_NAME       EMAIL      PHONE_NUMBER         HIRE_DATE JOB_ID         SALARY COMMISSION_PCT MANAGER_ID DEPARTMENT_ID                                                     
----------- --------------- --------------- ---------- -------------------- --------- ---------- ---------- -------------- ---------- -------------                                                     
        100 Steven          King            SKING      515.123.4567         17-JUL-87 AD_PRES         24000                                      90                                                     
        101 Neena           Kochhar         NKOCHHAR   515.123.4568         21-SEP-89 AD_VP           17000                       100            90                                                     
        102 Lex             De Haan         LDEHAAN    515.123.4569         13-JAN-93 AD_VP           17000                       100            90                                                     
        103 Alexander       Hunold          AHUNOLD    590.423.4567         03-JAN-90 IT_PROG          9000                       102            60                                                     
        104 Bruce           Ernst           BERNST     590.423.4568         21-MAY-91 IT_PROG          6000                       103            60                                                     
        107 Diana           Lorentz         DLORENTZ   590.423.5567         07-FEB-99 IT_PROG          4200                       103            60                                                     
        124 Kevin           Mourgos         KMOURGOS   650.123.5234         16-NOV-99 ST_MAN           5800                       100            50                                                     
        141 Trenna          Rajs            TRAJS      650.121.8009         17-OCT-95 ST_CLERK         3500                       124            50                                                     
        142 Curtis          Davies          CDAVIES    650.121.2994         29-JAN-97 ST_CLERK         3100                       124            50                                                     
        143 Randall         Matos           RMATOS     650.121.2874         15-MAR-98 ST_CLERK         2600                       124            50                                                     
        144 Peter           Vargas                     650.121.2004         09-JUL-98 ST_CLERK         2500                       124            50                                                     
        149 Eleni           Zlotkey         EZLOTKEY   011.44.1344.429018   29-JAN-00 SA_MAN          10500             .2        100            80                                                     
        174 Ellen           Abel            EABEL      011.44.1644.429267   11-MAY-96 SA_REP          11000             .3        149            80                                                     
        176 Jonathon        Taylor          JTAYLOR    011.44.1644.429265   24-MAR-98 SA_REP           8600             .3        149            80                                                     
        178 Kimerely        Grant           KGRANT     011.44.1644.429263   24-MAY-99 SA_REP           7000            .15        149                                                                   
        200 Jennifer        Whalen          JWHALEN    515.123.4444         17-SEP-87 AD_ASST          4400                       101            10                                                     
        201 Michael         Hartstein       MHARTSTE   515.123.5555         17-FEB-96 MK_MAN          13000                       100            20                                                     
        202 Pat             Fay             PFAY       603.123.6666         17-AUG-97 MK_REP           6000                       201            20                                                     
        205 Shelley         Higgins         SHIGGINS   515.123.8080         07-JUN-94 AC_MGR          12000                       101           110                                                     
        206 William         Gietz           WGIETZ     515.123.8181         07-JUN-94 AC_ACCOUNT       8300                       205           110                                                     

20 rows selected.

SQL> REM DISPLAY FULLNAME WITHOUT SPACE WHICH HAS ATLEAST 10 CHARACTERS.
SQL> 
SQL> SELECT FIRST_NAME || LAST_NAME FROM EMPLOYEES WHERE LENGTH(FIRST_NAME||LAST_NAME) >= 10;

FIRST_NAME||LAST_NAME                                                                                                                                                                                   
------------------------------                                                                                                                                                                          
StevenKing                                                                                                                                                                                              
NeenaKochhar                                                                                                                                                                                            
LexDe Haan                                                                                                                                                                                              
AlexanderHunold                                                                                                                                                                                         
BruceErnst                                                                                                                                                                                              
DianaLorentz                                                                                                                                                                                            
KevinMourgos                                                                                                                                                                                            
TrennaRajs                                                                                                                                                                                              
CurtisDavies                                                                                                                                                                                            
RandallMatos                                                                                                                                                                                            
PeterVargas                                                                                                                                                                                             
EleniZlotkey                                                                                                                                                                                            
JonathonTaylor                                                                                                                                                                                          
KimerelyGrant                                                                                                                                                                                           
JenniferWhalen                                                                                                                                                                                          
MichaelHartstein                                                                                                                                                                                        
ShelleyHiggins                                                                                                                                                                                          
WilliamGietz                                                                                                                                                                                            

18 rows selected.

SQL> SELECT CONCAT(FIRST_NAME , LAST_NAME) FROM EMPLOYEES WHERE LENGTH(CONCAT(FIRST_NAME,LAST_NAME)) >= 10;

CONCAT(FIRST_NAME,LAST_NAME)                                                                                                                                                                            
------------------------------                                                                                                                                                                          
StevenKing                                                                                                                                                                                              
NeenaKochhar                                                                                                                                                                                            
LexDe Haan                                                                                                                                                                                              
AlexanderHunold                                                                                                                                                                                         
BruceErnst                                                                                                                                                                                              
DianaLorentz                                                                                                                                                                                            
KevinMourgos                                                                                                                                                                                            
TrennaRajs                                                                                                                                                                                              
CurtisDavies                                                                                                                                                                                            
RandallMatos                                                                                                                                                                                            
PeterVargas                                                                                                                                                                                             
EleniZlotkey                                                                                                                                                                                            
JonathonTaylor                                                                                                                                                                                          
KimerelyGrant                                                                                                                                                                                           
JenniferWhalen                                                                                                                                                                                          
MichaelHartstein                                                                                                                                                                                        
ShelleyHiggins                                                                                                                                                                                          
WilliamGietz                                                                                                                                                                                            

18 rows selected.

SQL> REM TRANSLATE : IT IS USED TO REMOVE/REPLACE CHARACTER BY CHARACTER
SQL> 
SQL> REM IT TAKES 3 ARGUMENTS.
SQL> 
SQL> SELECT HIRE_DATE , TRANSLATE(HIRE_DATE,'ABC','abc') FROM EMPLOYEES;

HIRE_DATE TRANSLATE(HIRE_DATE,'ABC','ABC')                                                                                                                                                              
--------- ------------------------------------------------------------------------                                                                                                                      
17-JUL-87 17-JUL-87                                                                                                                                                                                     
21-SEP-89 21-SEP-89                                                                                                                                                                                     
13-JAN-93 13-JaN-93                                                                                                                                                                                     
03-JAN-90 03-JaN-90                                                                                                                                                                                     
21-MAY-91 21-MaY-91                                                                                                                                                                                     
07-FEB-99 07-FEb-99                                                                                                                                                                                     
16-NOV-99 16-NOV-99                                                                                                                                                                                     
17-OCT-95 17-OcT-95                                                                                                                                                                                     
29-JAN-97 29-JaN-97                                                                                                                                                                                     
15-MAR-98 15-MaR-98                                                                                                                                                                                     
09-JUL-98 09-JUL-98                                                                                                                                                                                     
29-JAN-00 29-JaN-00                                                                                                                                                                                     
11-MAY-96 11-MaY-96                                                                                                                                                                                     
24-MAR-98 24-MaR-98                                                                                                                                                                                     
24-MAY-99 24-MaY-99                                                                                                                                                                                     
17-SEP-87 17-SEP-87                                                                                                                                                                                     
17-FEB-96 17-FEb-96                                                                                                                                                                                     
17-AUG-97 17-aUG-97                                                                                                                                                                                     
07-JUN-94 07-JUN-94                                                                                                                                                                                     
07-JUN-94 07-JUN-94                                                                                                                                                                                     

20 rows selected.

SQL> SELECT HIRE_DATE , TRANSLATE(HIRE_DATE,'ABC','a') FROM EMPLOYEES;

HIRE_DATE TRANSLATE(HIRE_DATE,'ABC','A')                                                                                                                                                                
--------- ------------------------------------------------------------------------                                                                                                                      
17-JUL-87 17-JUL-87                                                                                                                                                                                     
21-SEP-89 21-SEP-89                                                                                                                                                                                     
13-JAN-93 13-JaN-93                                                                                                                                                                                     
03-JAN-90 03-JaN-90                                                                                                                                                                                     
21-MAY-91 21-MaY-91                                                                                                                                                                                     
07-FEB-99 07-FE-99                                                                                                                                                                                      
16-NOV-99 16-NOV-99                                                                                                                                                                                     
17-OCT-95 17-OT-95                                                                                                                                                                                      
29-JAN-97 29-JaN-97                                                                                                                                                                                     
15-MAR-98 15-MaR-98                                                                                                                                                                                     
09-JUL-98 09-JUL-98                                                                                                                                                                                     
29-JAN-00 29-JaN-00                                                                                                                                                                                     
11-MAY-96 11-MaY-96                                                                                                                                                                                     
24-MAR-98 24-MaR-98                                                                                                                                                                                     
24-MAY-99 24-MaY-99                                                                                                                                                                                     
17-SEP-87 17-SEP-87                                                                                                                                                                                     
17-FEB-96 17-FE-96                                                                                                                                                                                      
17-AUG-97 17-aUG-97                                                                                                                                                                                     
07-JUN-94 07-JUN-94                                                                                                                                                                                     
07-JUN-94 07-JUN-94                                                                                                                                                                                     

20 rows selected.

SQL> SELECT HIRE_DATE , TRANSLATE(HIRE_DATE,'ABC') FROM EMPLOYEES;
SELECT HIRE_DATE , TRANSLATE(HIRE_DATE,'ABC') FROM EMPLOYEES
                   *
ERROR at line 1:
ORA-00909: invalid number of arguments 


SQL> SELECT HIRE_DATE , TRANSLATE(HIRE_DATE,'ABC','') FROM EMPLOYEES;

HIRE_DATE TRANSLATE(HIRE_DATE,'ABC','')                                                                                                                                                                 
--------- ------------------------------------------------------------------------                                                                                                                      
17-JUL-87                                                                                                                                                                                               
21-SEP-89                                                                                                                                                                                               
13-JAN-93                                                                                                                                                                                               
03-JAN-90                                                                                                                                                                                               
21-MAY-91                                                                                                                                                                                               
07-FEB-99                                                                                                                                                                                               
16-NOV-99                                                                                                                                                                                               
17-OCT-95                                                                                                                                                                                               
29-JAN-97                                                                                                                                                                                               
15-MAR-98                                                                                                                                                                                               
09-JUL-98                                                                                                                                                                                               
29-JAN-00                                                                                                                                                                                               
11-MAY-96                                                                                                                                                                                               
24-MAR-98                                                                                                                                                                                               
24-MAY-99                                                                                                                                                                                               
17-SEP-87                                                                                                                                                                                               
17-FEB-96                                                                                                                                                                                               
17-AUG-97                                                                                                                                                                                               
07-JUN-94                                                                                                                                                                                               
07-JUN-94                                                                                                                                                                                               

20 rows selected.

SQL> SELECT HIRE_DATE , TRANSLATE(HIRE_DATE,'ABC',' ') FROM EMPLOYEES;

HIRE_DATE TRANSLATE(HIRE_DATE,'ABC','')                                                                                                                                                                 
--------- ------------------------------------------------------------------------                                                                                                                      
17-JUL-87 17-JUL-87                                                                                                                                                                                     
21-SEP-89 21-SEP-89                                                                                                                                                                                     
13-JAN-93 13-J N-93                                                                                                                                                                                     
03-JAN-90 03-J N-90                                                                                                                                                                                     
21-MAY-91 21-M Y-91                                                                                                                                                                                     
07-FEB-99 07-FE-99                                                                                                                                                                                      
16-NOV-99 16-NOV-99                                                                                                                                                                                     
17-OCT-95 17-OT-95                                                                                                                                                                                      
29-JAN-97 29-J N-97                                                                                                                                                                                     
15-MAR-98 15-M R-98                                                                                                                                                                                     
09-JUL-98 09-JUL-98                                                                                                                                                                                     
29-JAN-00 29-J N-00                                                                                                                                                                                     
11-MAY-96 11-M Y-96                                                                                                                                                                                     
24-MAR-98 24-M R-98                                                                                                                                                                                     
24-MAY-99 24-M Y-99                                                                                                                                                                                     
17-SEP-87 17-SEP-87                                                                                                                                                                                     
17-FEB-96 17-FE-96                                                                                                                                                                                      
17-AUG-97 17- UG-97                                                                                                                                                                                     
07-JUN-94 07-JUN-94                                                                                                                                                                                     
07-JUN-94 07-JUN-94                                                                                                                                                                                     

20 rows selected.

SQL> SELECT HIRE_DATE , TRANSLATE(HIRE_DATE,'#ABC','#') FROM EMPLOYEES;

HIRE_DATE TRANSLATE(HIRE_DATE,'#ABC','#')                                                                                                                                                               
--------- ------------------------------------------------------------------------                                                                                                                      
17-JUL-87 17-JUL-87                                                                                                                                                                                     
21-SEP-89 21-SEP-89                                                                                                                                                                                     
13-JAN-93 13-JN-93                                                                                                                                                                                      
03-JAN-90 03-JN-90                                                                                                                                                                                      
21-MAY-91 21-MY-91                                                                                                                                                                                      
07-FEB-99 07-FE-99                                                                                                                                                                                      
16-NOV-99 16-NOV-99                                                                                                                                                                                     
17-OCT-95 17-OT-95                                                                                                                                                                                      
29-JAN-97 29-JN-97                                                                                                                                                                                      
15-MAR-98 15-MR-98                                                                                                                                                                                      
09-JUL-98 09-JUL-98                                                                                                                                                                                     
29-JAN-00 29-JN-00                                                                                                                                                                                      
11-MAY-96 11-MY-96                                                                                                                                                                                      
24-MAR-98 24-MR-98                                                                                                                                                                                      
24-MAY-99 24-MY-99                                                                                                                                                                                      
17-SEP-87 17-SEP-87                                                                                                                                                                                     
17-FEB-96 17-FE-96                                                                                                                                                                                      
17-AUG-97 17-UG-97                                                                                                                                                                                      
07-JUN-94 07-JUN-94                                                                                                                                                                                     
07-JUN-94 07-JUN-94                                                                                                                                                                                     

20 rows selected.

SQL> SELECT HIRE_DATE , TRANSLATE(HIRE_DATE,'-ABC','-') FROM EMPLOYEES;

HIRE_DATE TRANSLATE(HIRE_DATE,'-ABC','-')                                                                                                                                                               
--------- ------------------------------------------------------------------------                                                                                                                      
17-JUL-87 17-JUL-87                                                                                                                                                                                     
21-SEP-89 21-SEP-89                                                                                                                                                                                     
13-JAN-93 13-JN-93                                                                                                                                                                                      
03-JAN-90 03-JN-90                                                                                                                                                                                      
21-MAY-91 21-MY-91                                                                                                                                                                                      
07-FEB-99 07-FE-99                                                                                                                                                                                      
16-NOV-99 16-NOV-99                                                                                                                                                                                     
17-OCT-95 17-OT-95                                                                                                                                                                                      
29-JAN-97 29-JN-97                                                                                                                                                                                      
15-MAR-98 15-MR-98                                                                                                                                                                                      
09-JUL-98 09-JUL-98                                                                                                                                                                                     
29-JAN-00 29-JN-00                                                                                                                                                                                      
11-MAY-96 11-MY-96                                                                                                                                                                                      
24-MAR-98 24-MR-98                                                                                                                                                                                      
24-MAY-99 24-MY-99                                                                                                                                                                                      
17-SEP-87 17-SEP-87                                                                                                                                                                                     
17-FEB-96 17-FE-96                                                                                                                                                                                      
17-AUG-97 17-UG-97                                                                                                                                                                                      
07-JUN-94 07-JUN-94                                                                                                                                                                                     
07-JUN-94 07-JUN-94                                                                                                                                                                                     

20 rows selected.

SQL> SELECT LAST_NAME , TRANSLATE(LAST_NAME,'- ','-') FROM EMPLOYEES;

LAST_NAME       TRANSLATE(LAST_NAME,'-','-')                                                                                                                                                            
--------------- ------------------------------------------------------------                                                                                                                            
King            King                                                                                                                                                                                    
Kochhar         Kochhar                                                                                                                                                                                 
De Haan         DeHaan                                                                                                                                                                                  
Hunold          Hunold                                                                                                                                                                                  
Ernst           Ernst                                                                                                                                                                                   
Lorentz         Lorentz                                                                                                                                                                                 
Mourgos         Mourgos                                                                                                                                                                                 
Rajs            Rajs                                                                                                                                                                                    
Davies          Davies                                                                                                                                                                                  
Matos           Matos                                                                                                                                                                                   
Vargas          Vargas                                                                                                                                                                                  
Zlotkey         Zlotkey                                                                                                                                                                                 
Abel            Abel                                                                                                                                                                                    
Taylor          Taylor                                                                                                                                                                                  
Grant           Grant                                                                                                                                                                                   
Whalen          Whalen                                                                                                                                                                                  
Hartstein       Hartstein                                                                                                                                                                               
Fay             Fay                                                                                                                                                                                     
Higgins         Higgins                                                                                                                                                                                 
Gietz           Gietz                                                                                                                                                                                   

20 rows selected.

SQL> SELECT HIRE_DATE , TRANSLATE(HIRE_DATE,'#9','#') FROM EMPLOYEES;

HIRE_DATE TRANSLATE(HIRE_DATE,'#9','#')                                                                                                                                                                 
--------- ------------------------------------------------------------------------                                                                                                                      
17-JUL-87 17-JUL-87                                                                                                                                                                                     
21-SEP-89 21-SEP-8                                                                                                                                                                                      
13-JAN-93 13-JAN-3                                                                                                                                                                                      
03-JAN-90 03-JAN-0                                                                                                                                                                                      
21-MAY-91 21-MAY-1                                                                                                                                                                                      
07-FEB-99 07-FEB-                                                                                                                                                                                       
16-NOV-99 16-NOV-                                                                                                                                                                                       
17-OCT-95 17-OCT-5                                                                                                                                                                                      
29-JAN-97 2-JAN-7                                                                                                                                                                                       
15-MAR-98 15-MAR-8                                                                                                                                                                                      
09-JUL-98 0-JUL-8                                                                                                                                                                                       
29-JAN-00 2-JAN-00                                                                                                                                                                                      
11-MAY-96 11-MAY-6                                                                                                                                                                                      
24-MAR-98 24-MAR-8                                                                                                                                                                                      
24-MAY-99 24-MAY-                                                                                                                                                                                       
17-SEP-87 17-SEP-87                                                                                                                                                                                     
17-FEB-96 17-FEB-6                                                                                                                                                                                      
17-AUG-97 17-AUG-7                                                                                                                                                                                      
07-JUN-94 07-JUN-4                                                                                                                                                                                      
07-JUN-94 07-JUN-4                                                                                                                                                                                      

20 rows selected.

SQL> SELECT * FROM EMPLOYEES;

EMPLOYEE_ID FIRST_NAME      LAST_NAME       EMAIL      PHONE_NUMBER         HIRE_DATE JOB_ID         SALARY COMMISSION_PCT MANAGER_ID DEPARTMENT_ID                                                     
----------- --------------- --------------- ---------- -------------------- --------- ---------- ---------- -------------- ---------- -------------                                                     
        100 Steven          King            SKING      515.123.4567         17-JUL-87 AD_PRES         24000                                      90                                                     
        101 Neena           Kochhar         NKOCHHAR   515.123.4568         21-SEP-89 AD_VP           17000                       100            90                                                     
        102 Lex             De Haan         LDEHAAN    515.123.4569         13-JAN-93 AD_VP           17000                       100            90                                                     
        103 Alexander       Hunold          AHUNOLD    590.423.4567         03-JAN-90 IT_PROG          9000                       102            60                                                     
        104 Bruce           Ernst           BERNST     590.423.4568         21-MAY-91 IT_PROG          6000                       103            60                                                     
        107 Diana           Lorentz         DLORENTZ   590.423.5567         07-FEB-99 IT_PROG          4200                       103            60                                                     
        124 Kevin           Mourgos         KMOURGOS   650.123.5234         16-NOV-99 ST_MAN           5800                       100            50                                                     
        141 Trenna          Rajs            TRAJS      650.121.8009         17-OCT-95 ST_CLERK         3500                       124            50                                                     
        142 Curtis          Davies          CDAVIES    650.121.2994         29-JAN-97 ST_CLERK         3100                       124            50                                                     
        143 Randall         Matos           RMATOS     650.121.2874         15-MAR-98 ST_CLERK         2600                       124            50                                                     
        144 Peter           Vargas                     650.121.2004         09-JUL-98 ST_CLERK         2500                       124            50                                                     
        149 Eleni           Zlotkey         EZLOTKEY   011.44.1344.429018   29-JAN-00 SA_MAN          10500             .2        100            80                                                     
        174 Ellen           Abel            EABEL      011.44.1644.429267   11-MAY-96 SA_REP          11000             .3        149            80                                                     
        176 Jonathon        Taylor          JTAYLOR    011.44.1644.429265   24-MAR-98 SA_REP           8600             .3        149            80                                                     
        178 Kimerely        Grant           KGRANT     011.44.1644.429263   24-MAY-99 SA_REP           7000            .15        149                                                                   
        200 Jennifer        Whalen          JWHALEN    515.123.4444         17-SEP-87 AD_ASST          4400                       101            10                                                     
        201 Michael         Hartstein       MHARTSTE   515.123.5555         17-FEB-96 MK_MAN          13000                       100            20                                                     
        202 Pat             Fay             PFAY       603.123.6666         17-AUG-97 MK_REP           6000                       201            20                                                     
        205 Shelley         Higgins         SHIGGINS   515.123.8080         07-JUN-94 AC_MGR          12000                       101           110                                                     
        206 William         Gietz           WGIETZ     515.123.8181         07-JUN-94 AC_ACCOUNT       8300                       205           110                                                     

20 rows selected.

SQL> REM 1 17/JUL/87
SQL> 
SQL> REM 2 17jul87
SQL> 
SQL> REM 3 17-Jul-87
SQL> 
SQL> SELECT HIRE_DATE , TRANSLATE(HIRE_DATE,'-','/') FROM EMPLOYEES;

HIRE_DATE TRANSLATE(HIRE_DATE,'-','/')                                                                                                                                                                  
--------- ------------------------------------------------------------------------                                                                                                                      
17-JUL-87 17/JUL/87                                                                                                                                                                                     
21-SEP-89 21/SEP/89                                                                                                                                                                                     
13-JAN-93 13/JAN/93                                                                                                                                                                                     
03-JAN-90 03/JAN/90                                                                                                                                                                                     
21-MAY-91 21/MAY/91                                                                                                                                                                                     
07-FEB-99 07/FEB/99                                                                                                                                                                                     
16-NOV-99 16/NOV/99                                                                                                                                                                                     
17-OCT-95 17/OCT/95                                                                                                                                                                                     
29-JAN-97 29/JAN/97                                                                                                                                                                                     
15-MAR-98 15/MAR/98                                                                                                                                                                                     
09-JUL-98 09/JUL/98                                                                                                                                                                                     
29-JAN-00 29/JAN/00                                                                                                                                                                                     
11-MAY-96 11/MAY/96                                                                                                                                                                                     
24-MAR-98 24/MAR/98                                                                                                                                                                                     
24-MAY-99 24/MAY/99                                                                                                                                                                                     
17-SEP-87 17/SEP/87                                                                                                                                                                                     
17-FEB-96 17/FEB/96                                                                                                                                                                                     
17-AUG-97 17/AUG/97                                                                                                                                                                                     
07-JUN-94 07/JUN/94                                                                                                                                                                                     
07-JUN-94 07/JUN/94                                                                                                                                                                                     

20 rows selected.

SQL> REM 2 17jul87
SQL> 
SQL> SELECT HIRE_DATE , TRANSLATE(LOWER(HIRE_DATE),' -',' ')) FROM EMPLOYEES;
SELECT HIRE_DATE , TRANSLATE(LOWER(HIRE_DATE),' -',' ')) FROM EMPLOYEES
                                                       *
ERROR at line 1:
ORA-00923: FROM keyword not found where expected 


SQL> SELECT HIRE_DATE , TRANSLATE(LOWER(HIRE_DATE),' -',' ') FROM EMPLOYEES;

HIRE_DATE TRANSLATE(LOWER(HIRE_DATE),'-','')                                                                                                                                                            
--------- ------------------------------------------------------------------------                                                                                                                      
17-JUL-87 17jul87                                                                                                                                                                                       
21-SEP-89 21sep89                                                                                                                                                                                       
13-JAN-93 13jan93                                                                                                                                                                                       
03-JAN-90 03jan90                                                                                                                                                                                       
21-MAY-91 21may91                                                                                                                                                                                       
07-FEB-99 07feb99                                                                                                                                                                                       
16-NOV-99 16nov99                                                                                                                                                                                       
17-OCT-95 17oct95                                                                                                                                                                                       
29-JAN-97 29jan97                                                                                                                                                                                       
15-MAR-98 15mar98                                                                                                                                                                                       
09-JUL-98 09jul98                                                                                                                                                                                       
29-JAN-00 29jan00                                                                                                                                                                                       
11-MAY-96 11may96                                                                                                                                                                                       
24-MAR-98 24mar98                                                                                                                                                                                       
24-MAY-99 24may99                                                                                                                                                                                       
17-SEP-87 17sep87                                                                                                                                                                                       
17-FEB-96 17feb96                                                                                                                                                                                       
17-AUG-97 17aug97                                                                                                                                                                                       
07-JUN-94 07jun94                                                                                                                                                                                       
07-JUN-94 07jun94                                                                                                                                                                                       

20 rows selected.

SQL> REM 3 17-Jul-87
SQL> 
SQL> SELECT HIRE_DATE , INITCAP(HIRE_DATE) FROM EMPLOYEES;

HIRE_DATE INITCAP(HIRE_DATE)                                                                                                                                                                            
--------- ------------------                                                                                                                                                                            
17-JUL-87 17-Jul-87                                                                                                                                                                                     
21-SEP-89 21-Sep-89                                                                                                                                                                                     
13-JAN-93 13-Jan-93                                                                                                                                                                                     
03-JAN-90 03-Jan-90                                                                                                                                                                                     
21-MAY-91 21-May-91                                                                                                                                                                                     
07-FEB-99 07-Feb-99                                                                                                                                                                                     
16-NOV-99 16-Nov-99                                                                                                                                                                                     
17-OCT-95 17-Oct-95                                                                                                                                                                                     
29-JAN-97 29-Jan-97                                                                                                                                                                                     
15-MAR-98 15-Mar-98                                                                                                                                                                                     
09-JUL-98 09-Jul-98                                                                                                                                                                                     
29-JAN-00 29-Jan-00                                                                                                                                                                                     
11-MAY-96 11-May-96                                                                                                                                                                                     
24-MAR-98 24-Mar-98                                                                                                                                                                                     
24-MAY-99 24-May-99                                                                                                                                                                                     
17-SEP-87 17-Sep-87                                                                                                                                                                                     
17-FEB-96 17-Feb-96                                                                                                                                                                                     
17-AUG-97 17-Aug-97                                                                                                                                                                                     
07-JUN-94 07-Jun-94                                                                                                                                                                                     
07-JUN-94 07-Jun-94                                                                                                                                                                                     

20 rows selected.

SQL> SELECT HIRE_DATE FROM EMPLOYEES;

HIRE_DATE                                                                                                                                                                                               
---------                                                                                                                                                                                               
17-JUL-87                                                                                                                                                                                               
21-SEP-89                                                                                                                                                                                               
13-JAN-93                                                                                                                                                                                               
03-JAN-90                                                                                                                                                                                               
21-MAY-91                                                                                                                                                                                               
07-FEB-99                                                                                                                                                                                               
16-NOV-99                                                                                                                                                                                               
17-OCT-95                                                                                                                                                                                               
29-JAN-97                                                                                                                                                                                               
15-MAR-98                                                                                                                                                                                               
09-JUL-98                                                                                                                                                                                               
29-JAN-00                                                                                                                                                                                               
11-MAY-96                                                                                                                                                                                               
24-MAR-98                                                                                                                                                                                               
24-MAY-99                                                                                                                                                                                               
17-SEP-87                                                                                                                                                                                               
17-FEB-96                                                                                                                                                                                               
17-AUG-97                                                                                                                                                                                               
07-JUN-94                                                                                                                                                                                               
07-JUN-94                                                                                                                                                                                               

20 rows selected.

SQL> REM 1 1787
SQL> 
SQL> REM 2 JUL
SQL> 
SQL> REM 3 Jul
SQL> 
SQL> SELECT HIRE_DATE , TRANSLATE(HIRE_DATE,'-QWERTYUIOPASDFGHJKLZXCVBNM','-') FROM EMPLOYEES;

HIRE_DATE TRANSLATE(HIRE_DATE,'-QWERTYUIOPASDFGHJKLZXCVBNM','-')                                                                                                                                        
--------- ------------------------------------------------------------------------                                                                                                                      
17-JUL-87 17--87                                                                                                                                                                                        
21-SEP-89 21--89                                                                                                                                                                                        
13-JAN-93 13--93                                                                                                                                                                                        
03-JAN-90 03--90                                                                                                                                                                                        
21-MAY-91 21--91                                                                                                                                                                                        
07-FEB-99 07--99                                                                                                                                                                                        
16-NOV-99 16--99                                                                                                                                                                                        
17-OCT-95 17--95                                                                                                                                                                                        
29-JAN-97 29--97                                                                                                                                                                                        
15-MAR-98 15--98                                                                                                                                                                                        
09-JUL-98 09--98                                                                                                                                                                                        
29-JAN-00 29--00                                                                                                                                                                                        
11-MAY-96 11--96                                                                                                                                                                                        
24-MAR-98 24--98                                                                                                                                                                                        
24-MAY-99 24--99                                                                                                                                                                                        
17-SEP-87 17--87                                                                                                                                                                                        
17-FEB-96 17--96                                                                                                                                                                                        
17-AUG-97 17--97                                                                                                                                                                                        
07-JUN-94 07--94                                                                                                                                                                                        
07-JUN-94 07--94                                                                                                                                                                                        

20 rows selected.

SQL> SELECT HIRE_DATE , TRANSLATE(HIRE_DATE,'#-QWERTYUIOPASDFGHJKLZXCVBNM','#') FROM EMPLOYEES;

HIRE_DATE TRANSLATE(HIRE_DATE,'#-QWERTYUIOPASDFGHJKLZXCVBNM','#')                                                                                                                                       
--------- ------------------------------------------------------------------------                                                                                                                      
17-JUL-87 1787                                                                                                                                                                                          
21-SEP-89 2189                                                                                                                                                                                          
13-JAN-93 1393                                                                                                                                                                                          
03-JAN-90 0390                                                                                                                                                                                          
21-MAY-91 2191                                                                                                                                                                                          
07-FEB-99 0799                                                                                                                                                                                          
16-NOV-99 1699                                                                                                                                                                                          
17-OCT-95 1795                                                                                                                                                                                          
29-JAN-97 2997                                                                                                                                                                                          
15-MAR-98 1598                                                                                                                                                                                          
09-JUL-98 0998                                                                                                                                                                                          
29-JAN-00 2900                                                                                                                                                                                          
11-MAY-96 1196                                                                                                                                                                                          
24-MAR-98 2498                                                                                                                                                                                          
24-MAY-99 2499                                                                                                                                                                                          
17-SEP-87 1787                                                                                                                                                                                          
17-FEB-96 1796                                                                                                                                                                                          
17-AUG-97 1797                                                                                                                                                                                          
07-JUN-94 0794                                                                                                                                                                                          
07-JUN-94 0794                                                                                                                                                                                          

20 rows selected.

SQL> REM 2 JUL
SQL> 
SQL> SELECT HIRE_DATE , TRANSLATE(HIRE_DATE,'#1234567890-','#') FROM EMPLOYEES;

HIRE_DATE TRANSLATE(HIRE_DATE,'#1234567890-','#')                                                                                                                                                       
--------- ------------------------------------------------------------------------                                                                                                                      
17-JUL-87 JUL                                                                                                                                                                                           
21-SEP-89 SEP                                                                                                                                                                                           
13-JAN-93 JAN                                                                                                                                                                                           
03-JAN-90 JAN                                                                                                                                                                                           
21-MAY-91 MAY                                                                                                                                                                                           
07-FEB-99 FEB                                                                                                                                                                                           
16-NOV-99 NOV                                                                                                                                                                                           
17-OCT-95 OCT                                                                                                                                                                                           
29-JAN-97 JAN                                                                                                                                                                                           
15-MAR-98 MAR                                                                                                                                                                                           
09-JUL-98 JUL                                                                                                                                                                                           
29-JAN-00 JAN                                                                                                                                                                                           
11-MAY-96 MAY                                                                                                                                                                                           
24-MAR-98 MAR                                                                                                                                                                                           
24-MAY-99 MAY                                                                                                                                                                                           
17-SEP-87 SEP                                                                                                                                                                                           
17-FEB-96 FEB                                                                                                                                                                                           
17-AUG-97 AUG                                                                                                                                                                                           
07-JUN-94 JUN                                                                                                                                                                                           
07-JUN-94 JUN                                                                                                                                                                                           

20 rows selected.

SQL> REM 3 Jul
SQL> 
SQL> SELECT HIRE_DATE , INITCAP(TRANSLATE(HIRE_DATE,'#1234567890-','#')) FROM EMPLOYEES;

HIRE_DATE INITCAP(TRANSLATE(HIRE_DATE,'#1234567890-','#'))                                                                                                                                              
--------- ------------------------------------------------------------------------                                                                                                                      
17-JUL-87 Jul                                                                                                                                                                                           
21-SEP-89 Sep                                                                                                                                                                                           
13-JAN-93 Jan                                                                                                                                                                                           
03-JAN-90 Jan                                                                                                                                                                                           
21-MAY-91 May                                                                                                                                                                                           
07-FEB-99 Feb                                                                                                                                                                                           
16-NOV-99 Nov                                                                                                                                                                                           
17-OCT-95 Oct                                                                                                                                                                                           
29-JAN-97 Jan                                                                                                                                                                                           
15-MAR-98 Mar                                                                                                                                                                                           
09-JUL-98 Jul                                                                                                                                                                                           
29-JAN-00 Jan                                                                                                                                                                                           
11-MAY-96 May                                                                                                                                                                                           
24-MAR-98 Mar                                                                                                                                                                                           
24-MAY-99 May                                                                                                                                                                                           
17-SEP-87 Sep                                                                                                                                                                                           
17-FEB-96 Feb                                                                                                                                                                                           
17-AUG-97 Aug                                                                                                                                                                                           
07-JUN-94 Jun                                                                                                                                                                                           
07-JUN-94 Jun                                                                                                                                                                                           

20 rows selected.

SQL> SELECT FIRST_NAME FROM EMPLOYEES;

FIRST_NAME                                                                                                                                                                                              
---------------                                                                                                                                                                                         
Steven                                                                                                                                                                                                  
Neena                                                                                                                                                                                                   
Lex                                                                                                                                                                                                     
Alexander                                                                                                                                                                                               
Bruce                                                                                                                                                                                                   
Diana                                                                                                                                                                                                   
Kevin                                                                                                                                                                                                   
Trenna                                                                                                                                                                                                  
Curtis                                                                                                                                                                                                  
Randall                                                                                                                                                                                                 
Peter                                                                                                                                                                                                   
Eleni                                                                                                                                                                                                   
Ellen                                                                                                                                                                                                   
Jonathon                                                                                                                                                                                                
Kimerely                                                                                                                                                                                                
Jennifer                                                                                                                                                                                                
Michael                                                                                                                                                                                                 
Pat                                                                                                                                                                                                     
Shelley                                                                                                                                                                                                 
William                                                                                                                                                                                                 

20 rows selected.

SQL> REM stEvEn
SQL> REM nEEnA
SQL> REM lEx
SQL> 
SQL> SELECT LAST_NAME FROM EMPLOYEES;

LAST_NAME                                                                                                                                                                                               
---------------                                                                                                                                                                                         
King                                                                                                                                                                                                    
Kochhar                                                                                                                                                                                                 
De Haan                                                                                                                                                                                                 
Hunold                                                                                                                                                                                                  
Ernst                                                                                                                                                                                                   
Lorentz                                                                                                                                                                                                 
Mourgos                                                                                                                                                                                                 
Rajs                                                                                                                                                                                                    
Davies                                                                                                                                                                                                  
Matos                                                                                                                                                                                                   
Vargas                                                                                                                                                                                                  
Zlotkey                                                                                                                                                                                                 
Abel                                                                                                                                                                                                    
Taylor                                                                                                                                                                                                  
Grant                                                                                                                                                                                                   
Whalen                                                                                                                                                                                                  
Hartstein                                                                                                                                                                                               
Fay                                                                                                                                                                                                     
Higgins                                                                                                                                                                                                 
Gietz                                                                                                                                                                                                   

20 rows selected.

SQL> REM KiNG
SQL> REM KoCHHaR
SQL> REM De HaaN
SQL> 
SQL> 
SQL> 
SQL> SELECT FIRST_NAME || ' ' || LAST_NAME FROM EMPLOYEES;

FIRST_NAME||''||LAST_NAME                                                                                                                                                                               
-------------------------------                                                                                                                                                                         
Steven King                                                                                                                                                                                             
Neena Kochhar                                                                                                                                                                                           
Lex De Haan                                                                                                                                                                                             
Alexander Hunold                                                                                                                                                                                        
Bruce Ernst                                                                                                                                                                                             
Diana Lorentz                                                                                                                                                                                           
Kevin Mourgos                                                                                                                                                                                           
Trenna Rajs                                                                                                                                                                                             
Curtis Davies                                                                                                                                                                                           
Randall Matos                                                                                                                                                                                           
Peter Vargas                                                                                                                                                                                            
Eleni Zlotkey                                                                                                                                                                                           
Ellen Abel                                                                                                                                                                                              
Jonathon Taylor                                                                                                                                                                                         
Kimerely Grant                                                                                                                                                                                          
Jennifer Whalen                                                                                                                                                                                         
Michael Hartstein                                                                                                                                                                                       
Pat Fay                                                                                                                                                                                                 
Shelley Higgins                                                                                                                                                                                         
William Gietz                                                                                                                                                                                           

20 rows selected.

SQL> REM stEvEn KiNG
SQL> REM nEEna KoCHHaR
SQL> 
SQL> SPOOL OFF
