SQL> 
SQL> CL SCR

SQL> REM FUNCTIONS : NVL , POWER , SQRT
SQL> 
SQL> REM TYPES OF FUNCTIONS : 1 SINGLE ROW FUNCTIONS 2 MULTI ROW FUNCTIONS
SQL> 
SQL> REM SINGLE ROW FUNCTIONS : IT CAN READ SINGLE ROW AT A TIME AND RETURNS SINGLE ROW FOR EACH INPUT ROW.
SQL> 
SQL> SET LINES 200 PAGES 24
SQL> 
SQL> SELECT EMAIL , LOWER(EMAIL) FROM EMPLOYEES;

EMAIL      LOWER(EMAI                                                                                                                                                                                   
---------- ----------                                                                                                                                                                                   
SKING      sking                                                                                                                                                                                        
NKOCHHAR   nkochhar                                                                                                                                                                                     
LDEHAAN    ldehaan                                                                                                                                                                                      
AHUNOLD    ahunold                                                                                                                                                                                      
BERNST     bernst                                                                                                                                                                                       
DLORENTZ   dlorentz                                                                                                                                                                                     
KMOURGOS   kmourgos                                                                                                                                                                                     
TRAJS      trajs                                                                                                                                                                                        
CDAVIES    cdavies                                                                                                                                                                                      
RMATOS     rmatos                                                                                                                                                                                       
                                                                                                                                                                                                        
EZLOTKEY   ezlotkey                                                                                                                                                                                     
EABEL      eabel                                                                                                                                                                                        
JTAYLOR    jtaylor                                                                                                                                                                                      
KGRANT     kgrant                                                                                                                                                                                       
JWHALEN    jwhalen                                                                                                                                                                                      
MHARTSTE   mhartste                                                                                                                                                                                     
PFAY       pfay                                                                                                                                                                                         
SHIGGINS   shiggins                                                                                                                                                                                     
WGIETZ     wgietz                                                                                                                                                                                       

20 rows selected.

SQL> REM MULTI ROW FUNCTIONS : IT READS MULTIPLE ROWS AS INPUT AND MAY RETURN SINGLE OR MULTIPLE ROWS.
SQL> 
SQL> REM SELECT SYNTAX : SELECT ... FROM ... WHERE ... GROUP BY ... | HAVING ... ORDER BY ... OFFSET ... FETCH ...;
SQL> 
SQL> REM IF WE OMIT 'GROUP BY' CLUASE, MULTI ROW FUNCTION, RETURNS SINGLE ROW.
SQL> 
SQL> REM IF WE USE 'GROUP BY' CLUASE, MULTI ROW FUNCTION, RETURNS MULTIPLE ROWS.
SQL> 
SQL> 
SQL> SELECT SALARY FROM EMPLOYEES;

    SALARY                                                                                                                                                                                              
----------                                                                                                                                                                                              
     24000                                                                                                                                                                                              
     17000                                                                                                                                                                                              
     17000                                                                                                                                                                                              
      9000                                                                                                                                                                                              
      6000                                                                                                                                                                                              
      4200                                                                                                                                                                                              
      5800                                                                                                                                                                                              
      3500                                                                                                                                                                                              
      3100                                                                                                                                                                                              
      2600                                                                                                                                                                                              
      2500                                                                                                                                                                                              
     10500                                                                                                                                                                                              
     11000                                                                                                                                                                                              
      8600                                                                                                                                                                                              
      7000                                                                                                                                                                                              
      4400                                                                                                                                                                                              
     13000                                                                                                                                                                                              
      6000                                                                                                                                                                                              
     12000                                                                                                                                                                                              
      8300                                                                                                                                                                                              

20 rows selected.

SQL> SELECT MIN(SALARY) FROM EMPLOYEES;

MIN(SALARY)                                                                                                                                                                                             
-----------                                                                                                                                                                                             
       2500                                                                                                                                                                                             

SQL> SELECT DEPARTMENT_ID , SALARY FROM EMPLOYEES ORDER BY 1,2;

DEPARTMENT_ID     SALARY                                                                                                                                                                                
------------- ----------                                                                                                                                                                                
           10       4400                                                                                                                                                                                
           20       6000                                                                                                                                                                                
           20      13000                                                                                                                                                                                
           50       2500                                                                                                                                                                                
           50       2600                                                                                                                                                                                
           50       3100                                                                                                                                                                                
           50       3500                                                                                                                                                                                
           50       5800                                                                                                                                                                                
           60       4200                                                                                                                                                                                
           60       6000                                                                                                                                                                                
           60       9000                                                                                                                                                                                
           80       8600                                                                                                                                                                                
           80      10500                                                                                                                                                                                
           80      11000                                                                                                                                                                                
           90      17000                                                                                                                                                                                
           90      17000                                                                                                                                                                                
           90      24000                                                                                                                                                                                
          110       8300                                                                                                                                                                                
          110      12000                                                                                                                                                                                
                    7000                                                                                                                                                                                

20 rows selected.

SQL> SELECT DEPARTMENT_ID , MIN(SALARY) FROM EMPLOYEES GROUP BY DEPARTMENT_ID ORDER BY 1;

DEPARTMENT_ID MIN(SALARY)                                                                                                                                                                               
------------- -----------                                                                                                                                                                               
           10        4400                                                                                                                                                                               
           20        6000                                                                                                                                                                               
           50        2500                                                                                                                                                                               
           60        4200                                                                                                                                                                               
           80        8600                                                                                                                                                                               
           90       17000                                                                                                                                                                               
          110        8300                                                                                                                                                                               
                     7000                                                                                                                                                                               

8 rows selected.

SQL> REM TYPES OF SINGLE ROW FUNCTIONS : 1 CHARACTER 2 NUMBER 3 DATE 4 CONVERSION 5 GENERAL
SQL> 
SQL> REM CHAPTER 3 : 1 CHARACTER 2 NUMBER 3 DATE
SQL> 
SQL> REM CHAPTER 4 : 4 CONVERSION 5 GENERAL
SQL> 
SQL> REM CHAPTER 5 : MULTI ROW FUNCTIONS + GROUP BY + HAVING + NESTED SUMMARY ITEMS + PCM
SQL> 
SQL> REM 3/10 : FUNCTIONS
SQL> 
SQL> 
SQL> 
SQL> REM CHAPTER 3 : 1 CHARACTER 2 NUMBER 3 DATE
SQL> 
SQL> REM TYPES OF CHARACTER FUNCTIONS : 1 CASE MANIPULATION 2 CHARACTER MANIPULATION
SQL> 
SQL> REM MANIPULATION : ANY TYPE OF CHANGES
SQL> 
SQL> 
SQL> REM ALPHABETICAL VALUES CAN BE USED IN 4 STYLES :
SQL> 
SQL> REM 1 CAPITAL/UPPER    2 SMALL/LOWER     3 INITCAP/PROPER/CAMELCASE     4 MIXED CASE
SQL> 
SQL> REM 1 SITA RAM         2 sita ram        3 Sita Ram                     4 SiTa rAm  siTA raM  siTa rAm ....
SQL> 
SQL> 
SQL> 
SQL> REM LIST OF CASE MANIPULATION FUNCTIONS : 1 UPPER 2 LOWER 3 INITCAP
SQL> 
SQL> REM UPPER : TO CONVERT ALL ALPHABETS TO CAPITAL/UPPER
SQL> 
SQL> REM LOWER : TO CONVERT ALL ALPHABETS TO SMALL/LOWER
SQL> 
SQL> REM INITCAP : TO CONVERT FIRST ALPHABET OF EACH WORD INTO CAPITAL AND REMAINING ALPHABETS TO LOWER
SQL> 
SQL> 
SQL> 
SQL> REM ALL 3 ABOVE FUNCTIONS TAKES/ACCEPTS SINGLE INPUT.
SQL> 
SQL> REM INPUT/ARGUMENT/PARAMETER
SQL> 
SQL> REM ALL 3 ABOVE FUNCTIONS WORKS ON ONLY ALPHABETS.
SQL> 
SQL> 
SQL> 
SQL> SELECT FIRST_NAME , UPPER(FIRST_NAME) FROM EMPLOYEES;

FIRST_NAME      UPPER(FIRST_NAM                                                                                                                                                                         
--------------- ---------------                                                                                                                                                                         
Steven          STEVEN                                                                                                                                                                                  
Neena           NEENA                                                                                                                                                                                   
Lex             LEX                                                                                                                                                                                     
Alexander       ALEXANDER                                                                                                                                                                               
Bruce           BRUCE                                                                                                                                                                                   
Diana           DIANA                                                                                                                                                                                   
Kevin           KEVIN                                                                                                                                                                                   
Trenna          TRENNA                                                                                                                                                                                  
Curtis          CURTIS                                                                                                                                                                                  
Randall         RANDALL                                                                                                                                                                                 
Peter           PETER                                                                                                                                                                                   
Eleni           ELENI                                                                                                                                                                                   
Ellen           ELLEN                                                                                                                                                                                   
Jonathon        JONATHON                                                                                                                                                                                
Kimerely        KIMERELY                                                                                                                                                                                
Jennifer        JENNIFER                                                                                                                                                                                
Michael         MICHAEL                                                                                                                                                                                 
Pat             PAT                                                                                                                                                                                     
Shelley         SHELLEY                                                                                                                                                                                 
William         WILLIAM                                                                                                                                                                                 

20 rows selected.

SQL> SELECT FIRST_NAME , LOWER(FIRST_NAME) FROM EMPLOYEES;

FIRST_NAME      LOWER(FIRST_NAM                                                                                                                                                                         
--------------- ---------------                                                                                                                                                                         
Steven          steven                                                                                                                                                                                  
Neena           neena                                                                                                                                                                                   
Lex             lex                                                                                                                                                                                     
Alexander       alexander                                                                                                                                                                               
Bruce           bruce                                                                                                                                                                                   
Diana           diana                                                                                                                                                                                   
Kevin           kevin                                                                                                                                                                                   
Trenna          trenna                                                                                                                                                                                  
Curtis          curtis                                                                                                                                                                                  
Randall         randall                                                                                                                                                                                 
Peter           peter                                                                                                                                                                                   
Eleni           eleni                                                                                                                                                                                   
Ellen           ellen                                                                                                                                                                                   
Jonathon        jonathon                                                                                                                                                                                
Kimerely        kimerely                                                                                                                                                                                
Jennifer        jennifer                                                                                                                                                                                
Michael         michael                                                                                                                                                                                 
Pat             pat                                                                                                                                                                                     
Shelley         shelley                                                                                                                                                                                 
William         william                                                                                                                                                                                 

20 rows selected.

SQL> SELECT EMAIL , LOWER(EMAIL) FROM EMPLOYEES;

EMAIL      LOWER(EMAI                                                                                                                                                                                   
---------- ----------                                                                                                                                                                                   
SKING      sking                                                                                                                                                                                        
NKOCHHAR   nkochhar                                                                                                                                                                                     
LDEHAAN    ldehaan                                                                                                                                                                                      
AHUNOLD    ahunold                                                                                                                                                                                      
BERNST     bernst                                                                                                                                                                                       
DLORENTZ   dlorentz                                                                                                                                                                                     
KMOURGOS   kmourgos                                                                                                                                                                                     
TRAJS      trajs                                                                                                                                                                                        
CDAVIES    cdavies                                                                                                                                                                                      
RMATOS     rmatos                                                                                                                                                                                       
                                                                                                                                                                                                        
EZLOTKEY   ezlotkey                                                                                                                                                                                     
EABEL      eabel                                                                                                                                                                                        
JTAYLOR    jtaylor                                                                                                                                                                                      
KGRANT     kgrant                                                                                                                                                                                       
JWHALEN    jwhalen                                                                                                                                                                                      
MHARTSTE   mhartste                                                                                                                                                                                     
PFAY       pfay                                                                                                                                                                                         
SHIGGINS   shiggins                                                                                                                                                                                     
WGIETZ     wgietz                                                                                                                                                                                       

20 rows selected.

SQL> SELECT INITCAP('AMar akBAR anTHOny') FROM DUAL;

INITCAP('AMARAKBAR                                                                                                                                                                                      
------------------                                                                                                                                                                                      
Amar Akbar Anthony                                                                                                                                                                                      

SQL> SELECT INITCAP('AMar$akBAR^anTHOny') FROM DUAL;

INITCAP('AMAR$AKBA                                                                                                                                                                                      
------------------                                                                                                                                                                                      
Amar$Akbar^Anthony                                                                                                                                                                                      

SQL> REM TYPES OF CHARACTERS : 1 ALPHABETS : A-Z a-z   2 DIGITS/NUMBERS : 0-9   3 SPECIAL CHARACTERS : ~!@#$%^&*( )_+{	}|:"<>?-=[]\;',./
SQL> 
SQL> 
SQL> SELECT INITCAP('AdU4MArchA#KOthMir') FROM DUAL;

INITCAP('ADU4MARCH                                                                                                                                                                                      
------------------                                                                                                                                                                                      
Adu4marcha#Kothmir                                                                                                                                                                                      

SQL> REM ONLY SPECIAL CHARACTERS ARE CONSIDERED AS WORD SEPARATORS.
SQL> 
SQL> SELECT INITCAP('AdUMArchA KOthMir') FROM DUAL;

INITCAP('ADUMARCHA                                                                                                                                                                                     
-------------------                                                                                                                                                                                     
AduMarcha Kothmir                                                                                                                                                                                      

SQL> REM WE CAN USE FUNCTION WITHIN/INSIDE FUNCTION.
SQL> 
SQL> REM WHEN WE USE FUNCTION WITHIN FUNCTION, IT IS CALLED NESTED FUNCTIONS.
SQL> 
SQL> REM WE CAN NEST FUNCTION UPTO INFINITE LEVEL.
SQL> 
SQL> REM WHEN WE NEST FUNCTION, THE EXECUTION PRECEDENCE WILL BE FROM INNER TO OUTER.
SQL> 
SQL> REM RESULT OF INNER FUNCTION IS NOT DISPLAYED ON SCREEN, BUT IS USED BY OUTER FUNCTION AS INPUT.
SQL> 
SQL> REM RESULT OF OUTER MOST FUNCTION IS DISPLAYED ON SCREEN.
SQL> 
SQL> 
SQL> REM INNER FUNCTION AND OUTER FUNCTION MAY BE SAME OR DIFFERENT.
SQL> 
SQL> SELECT lOWeR(INITCAP(upper('HI_hello8bYe'))) FROM DUAL;

LOWER(INITCA                                                                                                                                                                                            
------------                                                                                                                                                                                            
hi_hello8bye                                                                                                                                                                                            

SQL> SELECT lOWeR(INITCAP(upper('king ')||'QUEEN ')||'prinCE') FROM DUAL;

LOWER(INITCAP(UPP                                                                                                                                                                                       
-----------------                                                                                                                                                                                       
king queen prince                                                                                                                                                                                       

SQL> REM CHARACTER MANIPULATION FUNCTIONS :
SQL> 
SQL> 
SQL> REM LIST OF CHARACTER MANIPULATION FUNCTIONS : CONCAT   LPAD RPAD   LTRIM RTRIM TRIM    LENGTH   TRANSLATE REPLACE    SUBSTR INSTR
SQL> 
SQL> REM CONCAT : IT TAKES EXACTLY TWO ARGUMENTS.
SQL> 
SQL> REM , IS USED AS SEPARATAOR BETWEEN TWO ARGUMENTS.
SQL> 
SQL> REM CONCAT : TO JOIN/CLUB/COMBINE TWO ITEMS.
SQL> 
SQL> SELECT FIRST_NAME , LAST_NAME FROM EMPLOYEES;

FIRST_NAME      LAST_NAME                                                                                                                                                                               
--------------- ---------------                                                                                                                                                                         
Steven          King                                                                                                                                                                                    
Neena           Kochhar                                                                                                                                                                                 
Lex             De Haan                                                                                                                                                                                 
Alexander       Hunold                                                                                                                                                                                  
Bruce           Ernst                                                                                                                                                                                   
Diana           Lorentz                                                                                                                                                                                 
Kevin           Mourgos                                                                                                                                                                                 
Trenna          Rajs                                                                                                                                                                                    
Curtis          Davies                                                                                                                                                                                  
Randall         Matos                                                                                                                                                                                   
Peter           Vargas                                                                                                                                                                                  
Eleni           Zlotkey                                                                                                                                                                                 
Ellen           Abel                                                                                                                                                                                    
Jonathon        Taylor                                                                                                                                                                                  
Kimerely        Grant                                                                                                                                                                                   
Jennifer        Whalen                                                                                                                                                                                  
Michael         Hartstein                                                                                                                                                                               
Pat             Fay                                                                                                                                                                                     
Shelley         Higgins                                                                                                                                                                                 
William         Gietz                                                                                                                                                                                   

20 rows selected.

SQL> SELECT FIRST_NAME || LAST_NAME FROM EMPLOYEES;

FIRST_NAME||LAST_NAME                                                                                                                                                                                   
------------------------------                                                                                                                                                                          
StevenKing                                                                                                                                                                                              
NeenaKochhar                                                                                                                                                                                            
LexDe Haan                                                                                                                                                                                              
AlexanderHunold                                                                                                                                                                                         
BruceErnst                                                                                                                                                                                              
DianaLorentz                                                                                                                                                                                            
KevinMourgos                                                                                                                                                                                            
TrennaRajs                                                                                                                                                                                              
CurtisDavies                                                                                                                                                                                            
RandallMatos                                                                                                                                                                                            
PeterVargas                                                                                                                                                                                             
EleniZlotkey                                                                                                                                                                                            
EllenAbel                                                                                                                                                                                               
JonathonTaylor                                                                                                                                                                                          
KimerelyGrant                                                                                                                                                                                           
JenniferWhalen                                                                                                                                                                                          
MichaelHartstein                                                                                                                                                                                        
PatFay                                                                                                                                                                                                  
ShelleyHiggins                                                                                                                                                                                          
WilliamGietz                                                                                                                                                                                            

20 rows selected.

SQL> SELECT CONCAT(FIRST_NAME , LAST_NAME) FROM EMPLOYEES;

CONCAT(FIRST_NAME,LAST_NAME)                                                                                                                                                                            
------------------------------                                                                                                                                                                          
StevenKing                                                                                                                                                                                              
NeenaKochhar                                                                                                                                                                                            
LexDe Haan                                                                                                                                                                                              
AlexanderHunold                                                                                                                                                                                         
BruceErnst                                                                                                                                                                                              
DianaLorentz                                                                                                                                                                                            
KevinMourgos                                                                                                                                                                                            
TrennaRajs                                                                                                                                                                                              
CurtisDavies                                                                                                                                                                                            
RandallMatos                                                                                                                                                                                            
PeterVargas                                                                                                                                                                                             
EleniZlotkey                                                                                                                                                                                            
EllenAbel                                                                                                                                                                                               
JonathonTaylor                                                                                                                                                                                          
KimerelyGrant                                                                                                                                                                                           
JenniferWhalen                                                                                                                                                                                          
MichaelHartstein                                                                                                                                                                                        
PatFay                                                                                                                                                                                                  
ShelleyHiggins                                                                                                                                                                                          
WilliamGietz                                                                                                                                                                                            

20 rows selected.

SQL> SELECT FIRST_NAME || ' ' || LAST_NAME FROM EMPLOYEES;

FIRST_NAME||''||LAST_NAME                                                                                                                                                                               
-------------------------------                                                                                                                                                                         
Steven King                                                                                                                                                                                             
Neena Kochhar                                                                                                                                                                                           
Lex De Haan                                                                                                                                                                                             
Alexander Hunold                                                                                                                                                                                        
Bruce Ernst                                                                                                                                                                                             
Diana Lorentz                                                                                                                                                                                           
Kevin Mourgos                                                                                                                                                                                           
Trenna Rajs                                                                                                                                                                                             
Curtis Davies                                                                                                                                                                                           
Randall Matos                                                                                                                                                                                           
Peter Vargas                                                                                                                                                                                            
Eleni Zlotkey                                                                                                                                                                                           
Ellen Abel                                                                                                                                                                                              
Jonathon Taylor                                                                                                                                                                                         
Kimerely Grant                                                                                                                                                                                          
Jennifer Whalen                                                                                                                                                                                         
Michael Hartstein                                                                                                                                                                                       
Pat Fay                                                                                                                                                                                                 
Shelley Higgins                                                                                                                                                                                         
William Gietz                                                                                                                                                                                           

20 rows selected.

SQL> SELECT CONCAT(FIRST_NAME , ' ' , LAST_NAME) FROM EMPLOYEES;
SELECT CONCAT(FIRST_NAME , ' ' , LAST_NAME) FROM EMPLOYEES
       *
ERROR at line 1:
ORA-00909: invalid number of arguments 


SQL> SELECT CONCAT(FIRST_NAME || ' ' , LAST_NAME) FROM EMPLOYEES;

CONCAT(FIRST_NAME||'',LAST_NAME                                                                                                                                                                         
-------------------------------                                                                                                                                                                         
Steven King                                                                                                                                                                                             
Neena Kochhar                                                                                                                                                                                           
Lex De Haan                                                                                                                                                                                             
Alexander Hunold                                                                                                                                                                                        
Bruce Ernst                                                                                                                                                                                             
Diana Lorentz                                                                                                                                                                                           
Kevin Mourgos                                                                                                                                                                                           
Trenna Rajs                                                                                                                                                                                             
Curtis Davies                                                                                                                                                                                           
Randall Matos                                                                                                                                                                                           
Peter Vargas                                                                                                                                                                                            
Eleni Zlotkey                                                                                                                                                                                           
Ellen Abel                                                                                                                                                                                              
Jonathon Taylor                                                                                                                                                                                         
Kimerely Grant                                                                                                                                                                                          
Jennifer Whalen                                                                                                                                                                                         
Michael Hartstein                                                                                                                                                                                       
Pat Fay                                                                                                                                                                                                 
Shelley Higgins                                                                                                                                                                                         
William Gietz                                                                                                                                                                                           

20 rows selected.

SQL> SELECT CONCAT(FIRST_NAME , ' ' || LAST_NAME) FROM EMPLOYEES;

CONCAT(FIRST_NAME,''||LAST_NAME                                                                                                                                                                         
-------------------------------                                                                                                                                                                         
Steven King                                                                                                                                                                                             
Neena Kochhar                                                                                                                                                                                           
Lex De Haan                                                                                                                                                                                             
Alexander Hunold                                                                                                                                                                                        
Bruce Ernst                                                                                                                                                                                             
Diana Lorentz                                                                                                                                                                                           
Kevin Mourgos                                                                                                                                                                                           
Trenna Rajs                                                                                                                                                                                             
Curtis Davies                                                                                                                                                                                           
Randall Matos                                                                                                                                                                                           
Peter Vargas                                                                                                                                                                                            
Eleni Zlotkey                                                                                                                                                                                           
Ellen Abel                                                                                                                                                                                              
Jonathon Taylor                                                                                                                                                                                         
Kimerely Grant                                                                                                                                                                                          
Jennifer Whalen                                                                                                                                                                                         
Michael Hartstein                                                                                                                                                                                       
Pat Fay                                                                                                                                                                                                 
Shelley Higgins                                                                                                                                                                                         
William Gietz                                                                                                                                                                                           

20 rows selected.

SQL> SELECT CONCAT(FIRST_NAME , ' ') || LAST_NAME FROM EMPLOYEES;

CONCAT(FIRST_NAME,'')||LAST_NAM                                                                                                                                                                         
-------------------------------                                                                                                                                                                         
Steven King                                                                                                                                                                                             
Neena Kochhar                                                                                                                                                                                           
Lex De Haan                                                                                                                                                                                             
Alexander Hunold                                                                                                                                                                                        
Bruce Ernst                                                                                                                                                                                             
Diana Lorentz                                                                                                                                                                                           
Kevin Mourgos                                                                                                                                                                                           
Trenna Rajs                                                                                                                                                                                             
Curtis Davies                                                                                                                                                                                           
Randall Matos                                                                                                                                                                                           
Peter Vargas                                                                                                                                                                                            
Eleni Zlotkey                                                                                                                                                                                           
Ellen Abel                                                                                                                                                                                              
Jonathon Taylor                                                                                                                                                                                         
Kimerely Grant                                                                                                                                                                                          
Jennifer Whalen                                                                                                                                                                                         
Michael Hartstein                                                                                                                                                                                       
Pat Fay                                                                                                                                                                                                 
Shelley Higgins                                                                                                                                                                                         
William Gietz                                                                                                                                                                                           

20 rows selected.

SQL> SELECT FIRST_NAME || CONCAT( ' ', LAST_NAME) FROM EMPLOYEES;

FIRST_NAME||CONCAT('',LAST_NAME                                                                                                                                                                         
-------------------------------                                                                                                                                                                         
Steven King                                                                                                                                                                                             
Neena Kochhar                                                                                                                                                                                           
Lex De Haan                                                                                                                                                                                             
Alexander Hunold                                                                                                                                                                                        
Bruce Ernst                                                                                                                                                                                             
Diana Lorentz                                                                                                                                                                                           
Kevin Mourgos                                                                                                                                                                                           
Trenna Rajs                                                                                                                                                                                             
Curtis Davies                                                                                                                                                                                           
Randall Matos                                                                                                                                                                                           
Peter Vargas                                                                                                                                                                                            
Eleni Zlotkey                                                                                                                                                                                           
Ellen Abel                                                                                                                                                                                              
Jonathon Taylor                                                                                                                                                                                         
Kimerely Grant                                                                                                                                                                                          
Jennifer Whalen                                                                                                                                                                                         
Michael Hartstein                                                                                                                                                                                       
Pat Fay                                                                                                                                                                                                 
Shelley Higgins                                                                                                                                                                                         
William Gietz                                                                                                                                                                                           

20 rows selected.

SQL> SELECT CONCAT(FIRST_NAME , CONCAT( ' ', LAST_NAME)) FROM EMPLOYEES;

CONCAT(FIRST_NAME,CONCAT('',LAS                                                                                                                                                                         
-------------------------------                                                                                                                                                                         
Steven King                                                                                                                                                                                             
Neena Kochhar                                                                                                                                                                                           
Lex De Haan                                                                                                                                                                                             
Alexander Hunold                                                                                                                                                                                        
Bruce Ernst                                                                                                                                                                                             
Diana Lorentz                                                                                                                                                                                           
Kevin Mourgos                                                                                                                                                                                           
Trenna Rajs                                                                                                                                                                                             
Curtis Davies                                                                                                                                                                                           
Randall Matos                                                                                                                                                                                           
Peter Vargas                                                                                                                                                                                            
Eleni Zlotkey                                                                                                                                                                                           
Ellen Abel                                                                                                                                                                                              
Jonathon Taylor                                                                                                                                                                                         
Kimerely Grant                                                                                                                                                                                          
Jennifer Whalen                                                                                                                                                                                         
Michael Hartstein                                                                                                                                                                                       
Pat Fay                                                                                                                                                                                                 
Shelley Higgins                                                                                                                                                                                         
William Gietz                                                                                                                                                                                           

20 rows selected.

SQL> SELECT CONCAT(CONCAT(FIRST_NAME , ' ') , LAST_NAME) FROM EMPLOYEES;

CONCAT(CONCAT(FIRST_NAME,''),LA                                                                                                                                                                         
-------------------------------                                                                                                                                                                         
Steven King                                                                                                                                                                                             
Neena Kochhar                                                                                                                                                                                           
Lex De Haan                                                                                                                                                                                             
Alexander Hunold                                                                                                                                                                                        
Bruce Ernst                                                                                                                                                                                             
Diana Lorentz                                                                                                                                                                                           
Kevin Mourgos                                                                                                                                                                                           
Trenna Rajs                                                                                                                                                                                             
Curtis Davies                                                                                                                                                                                           
Randall Matos                                                                                                                                                                                           
Peter Vargas                                                                                                                                                                                            
Eleni Zlotkey                                                                                                                                                                                           
Ellen Abel                                                                                                                                                                                              
Jonathon Taylor                                                                                                                                                                                         
Kimerely Grant                                                                                                                                                                                          
Jennifer Whalen                                                                                                                                                                                         
Michael Hartstein                                                                                                                                                                                       
Pat Fay                                                                                                                                                                                                 
Shelley Higgins                                                                                                                                                                                         
William Gietz                                                                                                                                                                                           

20 rows selected.

SQL> SELECT FIRST_NAME || ' ' || LAST_NAME FROM EMPLOYEES;

FIRST_NAME||''||LAST_NAME                                                                                                                                                                               
-------------------------------                                                                                                                                                                         
Steven King                                                                                                                                                                                             
Neena Kochhar                                                                                                                                                                                           
Lex De Haan                                                                                                                                                                                             
Alexander Hunold                                                                                                                                                                                        
Bruce Ernst                                                                                                                                                                                             
Diana Lorentz                                                                                                                                                                                           
Kevin Mourgos                                                                                                                                                                                           
Trenna Rajs                                                                                                                                                                                             
Curtis Davies                                                                                                                                                                                           
Randall Matos                                                                                                                                                                                           
Peter Vargas                                                                                                                                                                                            
Eleni Zlotkey                                                                                                                                                                                           
Ellen Abel                                                                                                                                                                                              
Jonathon Taylor                                                                                                                                                                                         
Kimerely Grant                                                                                                                                                                                          
Jennifer Whalen                                                                                                                                                                                         
Michael Hartstein                                                                                                                                                                                       
Pat Fay                                                                                                                                                                                                 
Shelley Higgins                                                                                                                                                                                         
William Gietz                                                                                                                                                                                           

20 rows selected.

SQL> 
SQL> SELECT CONCAT(FIRST_NAME || ' ' , LAST_NAME) FROM EMPLOYEES;

CONCAT(FIRST_NAME||'',LAST_NAME                                                                                                                                                                         
-------------------------------                                                                                                                                                                         
Steven King                                                                                                                                                                                             
Neena Kochhar                                                                                                                                                                                           
Lex De Haan                                                                                                                                                                                             
Alexander Hunold                                                                                                                                                                                        
Bruce Ernst                                                                                                                                                                                             
Diana Lorentz                                                                                                                                                                                           
Kevin Mourgos                                                                                                                                                                                           
Trenna Rajs                                                                                                                                                                                             
Curtis Davies                                                                                                                                                                                           
Randall Matos                                                                                                                                                                                           
Peter Vargas                                                                                                                                                                                            
Eleni Zlotkey                                                                                                                                                                                           
Ellen Abel                                                                                                                                                                                              
Jonathon Taylor                                                                                                                                                                                         
Kimerely Grant                                                                                                                                                                                          
Jennifer Whalen                                                                                                                                                                                         
Michael Hartstein                                                                                                                                                                                       
Pat Fay                                                                                                                                                                                                 
Shelley Higgins                                                                                                                                                                                         
William Gietz                                                                                                                                                                                           

20 rows selected.

SQL> SELECT CONCAT(FIRST_NAME , ' ' || LAST_NAME) FROM EMPLOYEES;

CONCAT(FIRST_NAME,''||LAST_NAME                                                                                                                                                                         
-------------------------------                                                                                                                                                                         
Steven King                                                                                                                                                                                             
Neena Kochhar                                                                                                                                                                                           
Lex De Haan                                                                                                                                                                                             
Alexander Hunold                                                                                                                                                                                        
Bruce Ernst                                                                                                                                                                                             
Diana Lorentz                                                                                                                                                                                           
Kevin Mourgos                                                                                                                                                                                           
Trenna Rajs                                                                                                                                                                                             
Curtis Davies                                                                                                                                                                                           
Randall Matos                                                                                                                                                                                           
Peter Vargas                                                                                                                                                                                            
Eleni Zlotkey                                                                                                                                                                                           
Ellen Abel                                                                                                                                                                                              
Jonathon Taylor                                                                                                                                                                                         
Kimerely Grant                                                                                                                                                                                          
Jennifer Whalen                                                                                                                                                                                         
Michael Hartstein                                                                                                                                                                                       
Pat Fay                                                                                                                                                                                                 
Shelley Higgins                                                                                                                                                                                         
William Gietz                                                                                                                                                                                           

20 rows selected.

SQL> SELECT CONCAT(FIRST_NAME , ' ') || LAST_NAME FROM EMPLOYEES;

CONCAT(FIRST_NAME,'')||LAST_NAM                                                                                                                                                                         
-------------------------------                                                                                                                                                                         
Steven King                                                                                                                                                                                             
Neena Kochhar                                                                                                                                                                                           
Lex De Haan                                                                                                                                                                                             
Alexander Hunold                                                                                                                                                                                        
Bruce Ernst                                                                                                                                                                                             
Diana Lorentz                                                                                                                                                                                           
Kevin Mourgos                                                                                                                                                                                           
Trenna Rajs                                                                                                                                                                                             
Curtis Davies                                                                                                                                                                                           
Randall Matos                                                                                                                                                                                           
Peter Vargas                                                                                                                                                                                            
Eleni Zlotkey                                                                                                                                                                                           
Ellen Abel                                                                                                                                                                                              
Jonathon Taylor                                                                                                                                                                                         
Kimerely Grant                                                                                                                                                                                          
Jennifer Whalen                                                                                                                                                                                         
Michael Hartstein                                                                                                                                                                                       
Pat Fay                                                                                                                                                                                                 
Shelley Higgins                                                                                                                                                                                         
William Gietz                                                                                                                                                                                           

20 rows selected.

SQL> SELECT FIRST_NAME || CONCAT(' ', LAST_NAME) FROM EMPLOYEES;

FIRST_NAME||CONCAT('',LAST_NAME                                                                                                                                                                         
-------------------------------                                                                                                                                                                         
Steven King                                                                                                                                                                                             
Neena Kochhar                                                                                                                                                                                           
Lex De Haan                                                                                                                                                                                             
Alexander Hunold                                                                                                                                                                                        
Bruce Ernst                                                                                                                                                                                             
Diana Lorentz                                                                                                                                                                                           
Kevin Mourgos                                                                                                                                                                                           
Trenna Rajs                                                                                                                                                                                             
Curtis Davies                                                                                                                                                                                           
Randall Matos                                                                                                                                                                                           
Peter Vargas                                                                                                                                                                                            
Eleni Zlotkey                                                                                                                                                                                           
Ellen Abel                                                                                                                                                                                              
Jonathon Taylor                                                                                                                                                                                         
Kimerely Grant                                                                                                                                                                                          
Jennifer Whalen                                                                                                                                                                                         
Michael Hartstein                                                                                                                                                                                       
Pat Fay                                                                                                                                                                                                 
Shelley Higgins                                                                                                                                                                                         
William Gietz                                                                                                                                                                                           

20 rows selected.

SQL> SELECT CONCAT(FIRST_NAME , CONCAT(' ', LAST_NAME)) FROM EMPLOYEES;

CONCAT(FIRST_NAME,CONCAT('',LAS                                                                                                                                                                         
-------------------------------                                                                                                                                                                         
Steven King                                                                                                                                                                                             
Neena Kochhar                                                                                                                                                                                           
Lex De Haan                                                                                                                                                                                             
Alexander Hunold                                                                                                                                                                                        
Bruce Ernst                                                                                                                                                                                             
Diana Lorentz                                                                                                                                                                                           
Kevin Mourgos                                                                                                                                                                                           
Trenna Rajs                                                                                                                                                                                             
Curtis Davies                                                                                                                                                                                           
Randall Matos                                                                                                                                                                                           
Peter Vargas                                                                                                                                                                                            
Eleni Zlotkey                                                                                                                                                                                           
Ellen Abel                                                                                                                                                                                              
Jonathon Taylor                                                                                                                                                                                         
Kimerely Grant                                                                                                                                                                                          
Jennifer Whalen                                                                                                                                                                                         
Michael Hartstein                                                                                                                                                                                       
Pat Fay                                                                                                                                                                                                 
Shelley Higgins                                                                                                                                                                                         
William Gietz                                                                                                                                                                                           

20 rows selected.

SQL> SELECT CONCAT(CONCAT(FIRST_NAME , ' '), LAST_NAME) FROM EMPLOYEES;

CONCAT(CONCAT(FIRST_NAME,''),LA                                                                                                                                                                         
-------------------------------                                                                                                                                                                         
Steven King                                                                                                                                                                                             
Neena Kochhar                                                                                                                                                                                           
Lex De Haan                                                                                                                                                                                             
Alexander Hunold                                                                                                                                                                                        
Bruce Ernst                                                                                                                                                                                             
Diana Lorentz                                                                                                                                                                                           
Kevin Mourgos                                                                                                                                                                                           
Trenna Rajs                                                                                                                                                                                             
Curtis Davies                                                                                                                                                                                           
Randall Matos                                                                                                                                                                                           
Peter Vargas                                                                                                                                                                                            
Eleni Zlotkey                                                                                                                                                                                           
Ellen Abel                                                                                                                                                                                              
Jonathon Taylor                                                                                                                                                                                         
Kimerely Grant                                                                                                                                                                                          
Jennifer Whalen                                                                                                                                                                                         
Michael Hartstein                                                                                                                                                                                       
Pat Fay                                                                                                                                                                                                 
Shelley Higgins                                                                                                                                                                                         
William Gietz                                                                                                                                                                                           

20 rows selected.

SQL> REM LPAD : TO ADD SOME CHARACTERS TO THE LEFT OF INPUT.
SQL> 
SQL> REM LPAD TAKES 3 ARGUMENTS.
SQL> 
SQL> REM THIRD ARGUMENT IS OPTIONAL.
SQL> 
SQL> SELECT FIRST_NAME , LPAD(FIRST_NAME, 10 , '*') FROM EMPLOYEES;

FIRST_NAME      LPAD(FIRST_NAME,10,'*')                                                                                                                                                                 
--------------- ----------------------------------------                                                                                                                                                
Steven          ****Steven                                                                                                                                                                              
Neena           *****Neena                                                                                                                                                                              
Lex             *******Lex                                                                                                                                                                              
Alexander       *Alexander                                                                                                                                                                              
Bruce           *****Bruce                                                                                                                                                                              
Diana           *****Diana                                                                                                                                                                              
Kevin           *****Kevin                                                                                                                                                                              
Trenna          ****Trenna                                                                                                                                                                              
Curtis          ****Curtis                                                                                                                                                                              
Randall         ***Randall                                                                                                                                                                              
Peter           *****Peter                                                                                                                                                                              
Eleni           *****Eleni                                                                                                                                                                              
Ellen           *****Ellen                                                                                                                                                                              
Jonathon        **Jonathon                                                                                                                                                                              
Kimerely        **Kimerely                                                                                                                                                                              
Jennifer        **Jennifer                                                                                                                                                                              
Michael         ***Michael                                                                                                                                                                              
Pat             *******Pat                                                                                                                                                                              
Shelley         ***Shelley                                                                                                                                                                              
William         ***William                                                                                                                                                                              

20 rows selected.

SQL> SELECT FIRST_NAME , LPAD(FIRST_NAME, 6 , '*') FROM EMPLOYEES;

FIRST_NAME      LPAD(FIRST_NAME,6,'*')                                                                                                                                                                  
--------------- ------------------------                                                                                                                                                                
Steven          Steven                                                                                                                                                                                  
Neena           *Neena                                                                                                                                                                                  
Lex             ***Lex                                                                                                                                                                                  
Alexander       Alexan                                                                                                                                                                                  
Bruce           *Bruce                                                                                                                                                                                  
Diana           *Diana                                                                                                                                                                                  
Kevin           *Kevin                                                                                                                                                                                  
Trenna          Trenna                                                                                                                                                                                  
Curtis          Curtis                                                                                                                                                                                  
Randall         Randal                                                                                                                                                                                  
Peter           *Peter                                                                                                                                                                                  
Eleni           *Eleni                                                                                                                                                                                  
Ellen           *Ellen                                                                                                                                                                                  
Jonathon        Jonath                                                                                                                                                                                  
Kimerely        Kimere                                                                                                                                                                                  
Jennifer        Jennif                                                                                                                                                                                  
Michael         Michae                                                                                                                                                                                  
Pat             ***Pat                                                                                                                                                                                  
Shelley         Shelle                                                                                                                                                                                  
William         Willia                                                                                                                                                                                  

20 rows selected.

SQL> SELECT FIRST_NAME , LPAD(FIRST_NAME, 10 , '#$') FROM EMPLOYEES;

FIRST_NAME      LPAD(FIRST_NAME,10,'#$')                                                                                                                                                                
--------------- ----------------------------------------                                                                                                                                                
Steven          #$#$Steven                                                                                                                                                                              
Neena           #$#$#Neena                                                                                                                                                                              
Lex             #$#$#$#Lex                                                                                                                                                                              
Alexander       #Alexander                                                                                                                                                                              
Bruce           #$#$#Bruce                                                                                                                                                                              
Diana           #$#$#Diana                                                                                                                                                                              
Kevin           #$#$#Kevin                                                                                                                                                                              
Trenna          #$#$Trenna                                                                                                                                                                              
Curtis          #$#$Curtis                                                                                                                                                                              
Randall         #$#Randall                                                                                                                                                                              
Peter           #$#$#Peter                                                                                                                                                                              
Eleni           #$#$#Eleni                                                                                                                                                                              
Ellen           #$#$#Ellen                                                                                                                                                                              
Jonathon        #$Jonathon                                                                                                                                                                              
Kimerely        #$Kimerely                                                                                                                                                                              
Jennifer        #$Jennifer                                                                                                                                                                              
Michael         #$#Michael                                                                                                                                                                              
Pat             #$#$#$#Pat                                                                                                                                                                              
Shelley         #$#Shelley                                                                                                                                                                              
William         #$#William                                                                                                                                                                              

20 rows selected.

SQL> SELECT FIRST_NAME , LPAD(FIRST_NAME, 10 ) FROM EMPLOYEES;

FIRST_NAME      LPAD(FIRST_NAME,10)                                                                                                                                                                     
--------------- ----------------------------------------                                                                                                                                                
Steven              Steven                                                                                                                                                                              
Neena                Neena                                                                                                                                                                              
Lex                    Lex                                                                                                                                                                              
Alexander        Alexander                                                                                                                                                                              
Bruce                Bruce                                                                                                                                                                              
Diana                Diana                                                                                                                                                                              
Kevin                Kevin                                                                                                                                                                              
Trenna              Trenna                                                                                                                                                                              
Curtis              Curtis                                                                                                                                                                              
Randall            Randall                                                                                                                                                                              
Peter                Peter                                                                                                                                                                              
Eleni                Eleni                                                                                                                                                                              
Ellen                Ellen                                                                                                                                                                              
Jonathon          Jonathon                                                                                                                                                                              
Kimerely          Kimerely                                                                                                                                                                              
Jennifer          Jennifer                                                                                                                                                                              
Michael            Michael                                                                                                                                                                              
Pat                    Pat                                                                                                                                                                              
Shelley            Shelley                                                                                                                                                                              
William            William                                                                                                                                                                              

20 rows selected.

SQL> REM RPAD : TO ADD SOME CHARACTERS TO THE RIGHT OF INPUT.
SQL> 
SQL> REM RPAD TAKES 3 ARGUMENTS.
SQL> 
SQL> REM THIRD ARGUMENT IS OPTIONAL.
SQL> 
SQL> SELECT FIRST_NAME , RPAD(FIRST_NAME, 10 , '#') FROM EMPLOYEES;

FIRST_NAME      RPAD(FIRST_NAME,10,'#')                                                                                                                                                                 
--------------- ----------------------------------------                                                                                                                                                
Steven          Steven####                                                                                                                                                                              
Neena           Neena#####                                                                                                                                                                              
Lex             Lex#######                                                                                                                                                                              
Alexander       Alexander#                                                                                                                                                                              
Bruce           Bruce#####                                                                                                                                                                              
Diana           Diana#####                                                                                                                                                                              
Kevin           Kevin#####                                                                                                                                                                              
Trenna          Trenna####                                                                                                                                                                              
Curtis          Curtis####                                                                                                                                                                              
Randall         Randall###                                                                                                                                                                              
Peter           Peter#####                                                                                                                                                                              
Eleni           Eleni#####                                                                                                                                                                              
Ellen           Ellen#####                                                                                                                                                                              
Jonathon        Jonathon##                                                                                                                                                                              
Kimerely        Kimerely##                                                                                                                                                                              
Jennifer        Jennifer##                                                                                                                                                                              
Michael         Michael###                                                                                                                                                                              
Pat             Pat#######                                                                                                                                                                              
Shelley         Shelley###                                                                                                                                                                              
William         William###                                                                                                                                                                              

20 rows selected.

SQL> SELECT FIRST_NAME , RPAD(FIRST_NAME, 6 , '#') FROM EMPLOYEES;

FIRST_NAME      RPAD(FIRST_NAME,6,'#')                                                                                                                                                                  
--------------- ------------------------                                                                                                                                                                
Steven          Steven                                                                                                                                                                                  
Neena           Neena#                                                                                                                                                                                  
Lex             Lex###                                                                                                                                                                                  
Alexander       Alexan                                                                                                                                                                                  
Bruce           Bruce#                                                                                                                                                                                  
Diana           Diana#                                                                                                                                                                                  
Kevin           Kevin#                                                                                                                                                                                  
Trenna          Trenna                                                                                                                                                                                  
Curtis          Curtis                                                                                                                                                                                  
Randall         Randal                                                                                                                                                                                  
Peter           Peter#                                                                                                                                                                                  
Eleni           Eleni#                                                                                                                                                                                  
Ellen           Ellen#                                                                                                                                                                                  
Jonathon        Jonath                                                                                                                                                                                  
Kimerely        Kimere                                                                                                                                                                                  
Jennifer        Jennif                                                                                                                                                                                  
Michael         Michae                                                                                                                                                                                  
Pat             Pat###                                                                                                                                                                                  
Shelley         Shelle                                                                                                                                                                                  
William         Willia                                                                                                                                                                                  

20 rows selected.

SQL> SELECT FIRST_NAME , RPAD(FIRST_NAME, 6 ) FROM EMPLOYEES;

FIRST_NAME      RPAD(FIRST_NAME,6)                                                                                                                                                                      
--------------- ------------------------                                                                                                                                                                
Steven          Steven                                                                                                                                                                                  
Neena           Neena                                                                                                                                                                                   
Lex             Lex                                                                                                                                                                                     
Alexander       Alexan                                                                                                                                                                                  
Bruce           Bruce                                                                                                                                                                                   
Diana           Diana                                                                                                                                                                                   
Kevin           Kevin                                                                                                                                                                                   
Trenna          Trenna                                                                                                                                                                                  
Curtis          Curtis                                                                                                                                                                                  
Randall         Randal                                                                                                                                                                                  
Peter           Peter                                                                                                                                                                                   
Eleni           Eleni                                                                                                                                                                                   
Ellen           Ellen                                                                                                                                                                                   
Jonathon        Jonath                                                                                                                                                                                  
Kimerely        Kimere                                                                                                                                                                                  
Jennifer        Jennif                                                                                                                                                                                  
Michael         Michae                                                                                                                                                                                  
Pat             Pat                                                                                                                                                                                     
Shelley         Shelle                                                                                                                                                                                  
William         Willia                                                                                                                                                                                  

20 rows selected.

SQL> SELECT HIRE_DATE FROM EMPLOYEES;

HIRE_DATE                                                                                                                                                                                               
---------                                                                                                                                                                                               
17-JUL-87                                                                                                                                                                                               
21-SEP-89                                                                                                                                                                                               
13-JAN-93                                                                                                                                                                                               
03-JAN-90                                                                                                                                                                                               
21-MAY-91                                                                                                                                                                                               
07-FEB-99                                                                                                                                                                                               
16-NOV-99                                                                                                                                                                                               
17-OCT-95                                                                                                                                                                                               
29-JAN-97                                                                                                                                                                                               
15-MAR-98                                                                                                                                                                                               
09-JUL-98                                                                                                                                                                                               
29-JAN-00                                                                                                                                                                                               
11-MAY-96                                                                                                                                                                                               
24-MAR-98                                                                                                                                                                                               
24-MAY-99                                                                                                                                                                                               
17-SEP-87                                                                                                                                                                                               
17-FEB-96                                                                                                                                                                                               
17-AUG-97                                                                                                                                                                                               
07-JUN-94                                                                                                                                                                                               
07-JUN-94                                                                                                                                                                                               

20 rows selected.

SQL> REM ---17-JUL-87+++
SQL> 
SQL> REM 1 || 2 CONCAT 3 CONCAT || 4 LPAD RPAD 5 LPAD 6 RPAD
SQL> 
SQL> SPOOL OFF
