SQL> 
SQL> CL SCR
SP2-1530: Command did not succeed
SQL> 
SQL> 
SQL> REM stEvEn KiNG
SQL> REM nEEna KoCHHaR
SQL> 
SQL> 
SQL> SELECT TRANSLATE(LOWER(FIRST_NAME),'aeiou','AEIOU') || TRANSLATE(UPPER(LAST_NAME),'AEIOU','aeiou') FROM EMPLOYEES;

TRANSLATE(LOWER(FIRST_NAME),'AEIOU','AEIOU')||TRANSLATE(UPPER(LAST_NAME),'AEIOU','AEIOU')                                                                                                               
------------------------------------------------------------------------------------------------------------------------                                                                                
stEvEnKiNG                                                                                                                                                                                              
nEEnAKoCHHaR                                                                                                                                                                                            
lExDe HaaN                                                                                                                                                                                              
AlExAndErHuNoLD                                                                                                                                                                                         
brUcEeRNST                                                                                                                                                                                              
dIAnALoReNTZ                                                                                                                                                                                            
kEvInMouRGoS                                                                                                                                                                                            
trEnnARaJS                                                                                                                                                                                              
cUrtIsDaVieS                                                                                                                                                                                            
rAndAllMaToS                                                                                                                                                                                            
pEtErVaRGaS                                                                                                                                                                                             
ElEnIZLoTKeY                                                                                                                                                                                            
EllEnaBeL                                                                                                                                                                                               
jOnAthOnTaYLoR                                                                                                                                                                                          
kImErElyGRaNT                                                                                                                                                                                           
jEnnIfErWHaLeN                                                                                                                                                                                          
mIchAElHaRTSTeiN                                                                                                                                                                                        
pAtFaY                                                                                                                                                                                                  
shEllEyHiGGiNS                                                                                                                                                                                          
wIllIAmGieTZ                                                                                                                                                                                            

20 rows selected.

SQL> SELECT TRANSLATE(LOWER(FIRST_NAME),'aeiou','AEIOU') || ' ' || TRANSLATE(UPPER(LAST_NAME),'AEIOU','aeiou') FROM EMPLOYEES;

TRANSLATE(LOWER(FIRST_NAME),'AEIOU','AEIOU')||''||TRANSLATE(UPPER(LAST_NAME),'AEIOU','AEIOU')                                                                                                           
-------------------------------------------------------------------------------------------------------------------------                                                                               
stEvEn KiNG                                                                                                                                                                                             
nEEnA KoCHHaR                                                                                                                                                                                           
lEx De HaaN                                                                                                                                                                                             
AlExAndEr HuNoLD                                                                                                                                                                                        
brUcE eRNST                                                                                                                                                                                             
dIAnA LoReNTZ                                                                                                                                                                                           
kEvIn MouRGoS                                                                                                                                                                                           
trEnnA RaJS                                                                                                                                                                                             
cUrtIs DaVieS                                                                                                                                                                                           
rAndAll MaToS                                                                                                                                                                                           
pEtEr VaRGaS                                                                                                                                                                                            
ElEnI ZLoTKeY                                                                                                                                                                                           
EllEn aBeL                                                                                                                                                                                              
jOnAthOn TaYLoR                                                                                                                                                                                         
kImErEly GRaNT                                                                                                                                                                                          
jEnnIfEr WHaLeN                                                                                                                                                                                         
mIchAEl HaRTSTeiN                                                                                                                                                                                       
pAt FaY                                                                                                                                                                                                 
shEllEy HiGGiNS                                                                                                                                                                                         
wIllIAm GieTZ                                                                                                                                                                                           

20 rows selected.

SQL> SELECT TRANSLATE(LOWER(FIRST_NAME),'aeiou','AEIOU') || ' ' || TRANSLATE(UPPER(LAST_NAME),'AEIOU','aeiou') NEW_NAME FROM EMPLOYEES;

NEW_NAME                                                                                                                                                                                                
-------------------------------------------------------------------------------------------------------------------------                                                                               
stEvEn KiNG                                                                                                                                                                                             
nEEnA KoCHHaR                                                                                                                                                                                           
lEx De HaaN                                                                                                                                                                                             
AlExAndEr HuNoLD                                                                                                                                                                                        
brUcE eRNST                                                                                                                                                                                             
dIAnA LoReNTZ                                                                                                                                                                                           
kEvIn MouRGoS                                                                                                                                                                                           
trEnnA RaJS                                                                                                                                                                                             
cUrtIs DaVieS                                                                                                                                                                                           
rAndAll MaToS                                                                                                                                                                                           
pEtEr VaRGaS                                                                                                                                                                                            
ElEnI ZLoTKeY                                                                                                                                                                                           
EllEn aBeL                                                                                                                                                                                              
jOnAthOn TaYLoR                                                                                                                                                                                         
kImErEly GRaNT                                                                                                                                                                                          
jEnnIfEr WHaLeN                                                                                                                                                                                         
mIchAEl HaRTSTeiN                                                                                                                                                                                       
pAt FaY                                                                                                                                                                                                 
shEllEy HiGGiNS                                                                                                                                                                                         
wIllIAm GieTZ                                                                                                                                                                                           

20 rows selected.

SQL> REM REPLACE : TO REPLACE/REMOVE WORD BY WORD
SQL> 
SQL> CONN SCOTT/TIGER
Connected.
SQL> 
SQL> SELECT HIRE_DATE , REPLACE(HIRE_DATE,'JAN','january') FROM EMPLOYEES;

HIRE_DATE REPLACE(HIRE_DATE,'JAN','JANUARY')                                                                                                                                                            
--------- ------------------------------------------------------------------------------------------------------------------------------                                                                
17-JUL-87 17-JUL-87                                                                                                                                                                                     
21-SEP-89 21-SEP-89                                                                                                                                                                                     
13-JAN-93 13-january-93                                                                                                                                                                                 
03-JAN-90 03-january-90                                                                                                                                                                                 
21-MAY-91 21-MAY-91                                                                                                                                                                                     
07-FEB-99 07-FEB-99                                                                                                                                                                                     
16-NOV-99 16-NOV-99                                                                                                                                                                                     
17-OCT-95 17-OCT-95                                                                                                                                                                                     
29-JAN-97 29-january-97                                                                                                                                                                                 
15-MAR-98 15-MAR-98                                                                                                                                                                                     
09-JUL-98 09-JUL-98                                                                                                                                                                                     
29-JAN-00 29-january-00                                                                                                                                                                                 
11-MAY-96 11-MAY-96                                                                                                                                                                                     
24-MAR-98 24-MAR-98                                                                                                                                                                                     
24-MAY-99 24-MAY-99                                                                                                                                                                                     
17-SEP-87 17-SEP-87                                                                                                                                                                                     
17-FEB-96 17-FEB-96                                                                                                                                                                                     
17-AUG-97 17-AUG-97                                                                                                                                                                                     
07-JUN-94 07-JUN-94                                                                                                                                                                                     
07-JUN-94 07-JUN-94                                                                                                                                                                                     

20 rows selected.

SQL> SELECT HIRE_DATE , REPLACE(HIRE_DATE,'JAN','1') FROM EMPLOYEES;

HIRE_DATE REPLACE(HIRE_DATE,                                                                                                                                                                            
--------- ------------------                                                                                                                                                                            
17-JUL-87 17-JUL-87                                                                                                                                                                                     
21-SEP-89 21-SEP-89                                                                                                                                                                                     
13-JAN-93 13-1-93                                                                                                                                                                                       
03-JAN-90 03-1-90                                                                                                                                                                                       
21-MAY-91 21-MAY-91                                                                                                                                                                                     
07-FEB-99 07-FEB-99                                                                                                                                                                                     
16-NOV-99 16-NOV-99                                                                                                                                                                                     
17-OCT-95 17-OCT-95                                                                                                                                                                                     
29-JAN-97 29-1-97                                                                                                                                                                                       
15-MAR-98 15-MAR-98                                                                                                                                                                                     
09-JUL-98 09-JUL-98                                                                                                                                                                                     
29-JAN-00 29-1-00                                                                                                                                                                                       
11-MAY-96 11-MAY-96                                                                                                                                                                                     
24-MAR-98 24-MAR-98                                                                                                                                                                                     
24-MAY-99 24-MAY-99                                                                                                                                                                                     
17-SEP-87 17-SEP-87                                                                                                                                                                                     
17-FEB-96 17-FEB-96                                                                                                                                                                                     
17-AUG-97 17-AUG-97                                                                                                                                                                                     
07-JUN-94 07-JUN-94                                                                                                                                                                                     
07-JUN-94 07-JUN-94                                                                                                                                                                                     

20 rows selected.

SQL> SELECT HIRE_DATE , REPLACE(HIRE_DATE,'JAN') FROM EMPLOYEES;

HIRE_DATE REPLACE(HIRE_DATE,                                                                                                                                                                            
--------- ------------------                                                                                                                                                                            
17-JUL-87 17-JUL-87                                                                                                                                                                                     
21-SEP-89 21-SEP-89                                                                                                                                                                                     
13-JAN-93 13--93                                                                                                                                                                                        
03-JAN-90 03--90                                                                                                                                                                                        
21-MAY-91 21-MAY-91                                                                                                                                                                                     
07-FEB-99 07-FEB-99                                                                                                                                                                                     
16-NOV-99 16-NOV-99                                                                                                                                                                                     
17-OCT-95 17-OCT-95                                                                                                                                                                                     
29-JAN-97 29--97                                                                                                                                                                                        
15-MAR-98 15-MAR-98                                                                                                                                                                                     
09-JUL-98 09-JUL-98                                                                                                                                                                                     
29-JAN-00 29--00                                                                                                                                                                                        
11-MAY-96 11-MAY-96                                                                                                                                                                                     
24-MAR-98 24-MAR-98                                                                                                                                                                                     
24-MAY-99 24-MAY-99                                                                                                                                                                                     
17-SEP-87 17-SEP-87                                                                                                                                                                                     
17-FEB-96 17-FEB-96                                                                                                                                                                                     
17-AUG-97 17-AUG-97                                                                                                                                                                                     
07-JUN-94 07-JUN-94                                                                                                                                                                                     
07-JUN-94 07-JUN-94                                                                                                                                                                                     

20 rows selected.

SQL> SELECT HIRE_DATE , REPLACE(HIRE_DATE,'J','j') FROM EMPLOYEES;

HIRE_DATE REPLACE(HIRE_DATE,                                                                                                                                                                            
--------- ------------------                                                                                                                                                                            
17-JUL-87 17-jUL-87                                                                                                                                                                                     
21-SEP-89 21-SEP-89                                                                                                                                                                                     
13-JAN-93 13-jAN-93                                                                                                                                                                                     
03-JAN-90 03-jAN-90                                                                                                                                                                                     
21-MAY-91 21-MAY-91                                                                                                                                                                                     
07-FEB-99 07-FEB-99                                                                                                                                                                                     
16-NOV-99 16-NOV-99                                                                                                                                                                                     
17-OCT-95 17-OCT-95                                                                                                                                                                                     
29-JAN-97 29-jAN-97                                                                                                                                                                                     
15-MAR-98 15-MAR-98                                                                                                                                                                                     
09-JUL-98 09-jUL-98                                                                                                                                                                                     
29-JAN-00 29-jAN-00                                                                                                                                                                                     
11-MAY-96 11-MAY-96                                                                                                                                                                                     
24-MAR-98 24-MAR-98                                                                                                                                                                                     
24-MAY-99 24-MAY-99                                                                                                                                                                                     
17-SEP-87 17-SEP-87                                                                                                                                                                                     
17-FEB-96 17-FEB-96                                                                                                                                                                                     
17-AUG-97 17-AUG-97                                                                                                                                                                                     
07-JUN-94 07-jUN-94                                                                                                                                                                                     
07-JUN-94 07-jUN-94                                                                                                                                                                                     

20 rows selected.

SQL> SELECT REPLACE(TRANSLATE('HITEN','H','J'),'N','ndra') FROM DUAL;

REPLACE(                                                                                                                                                                                                
--------                                                                                                                                                                                                
JITEndra                                                                                                                                                                                                

SQL> REM  13-JAN-93   13-january-93
SQL> REM  07-FEB-99   07-2-99
SQL> 
SQL> 
SQL> SELECT HIRE_DATE ,  REPLACE(REPLACE(HIRE_DATE,'JAN','january'),'FEB','2') FROM EMPLOYEES;

HIRE_DATE REPLACE(REPLACE(HIRE_DATE,'JAN','JANUARY'),'FEB','2')                                                                                                                                         
--------- ------------------------------------------------------------------------------------------------------------------------------                                                                
17-JUL-87 17-JUL-87                                                                                                                                                                                     
21-SEP-89 21-SEP-89                                                                                                                                                                                     
13-JAN-93 13-january-93                                                                                                                                                                                 
03-JAN-90 03-january-90                                                                                                                                                                                 
21-MAY-91 21-MAY-91                                                                                                                                                                                     
07-FEB-99 07-2-99                                                                                                                                                                                       
16-NOV-99 16-NOV-99                                                                                                                                                                                     
17-OCT-95 17-OCT-95                                                                                                                                                                                     
29-JAN-97 29-january-97                                                                                                                                                                                 
15-MAR-98 15-MAR-98                                                                                                                                                                                     
09-JUL-98 09-JUL-98                                                                                                                                                                                     
29-JAN-00 29-january-00                                                                                                                                                                                 
11-MAY-96 11-MAY-96                                                                                                                                                                                     
24-MAR-98 24-MAR-98                                                                                                                                                                                     
24-MAY-99 24-MAY-99                                                                                                                                                                                     
17-SEP-87 17-SEP-87                                                                                                                                                                                     
17-FEB-96 17-2-96                                                                                                                                                                                       
17-AUG-97 17-AUG-97                                                                                                                                                                                     
07-JUN-94 07-JUN-94                                                                                                                                                                                     
07-JUN-94 07-JUN-94                                                                                                                                                                                     

20 rows selected.

SQL> SELECT * FROM EMPLOYEES;

EMPLOYEE_ID FIRST_NAME      LAST_NAME       EMAIL      PHONE_NUMBER         HIRE_DATE JOB_ID         SALARY COMMISSION_PCT MANAGER_ID DEPARTMENT_ID                                                     
----------- --------------- --------------- ---------- -------------------- --------- ---------- ---------- -------------- ---------- -------------                                                     
        100 Steven          King            SKING      515.123.4567         17-JUL-87 AD_PRES         24000                                      90                                                     
        101 Neena           Kochhar         NKOCHHAR   515.123.4568         21-SEP-89 AD_VP           17000                       100            90                                                     
        102 Lex             De Haan         LDEHAAN    515.123.4569         13-JAN-93 AD_VP           17000                       100            90                                                     
        103 Alexander       Hunold          AHUNOLD    590.423.4567         03-JAN-90 IT_PROG          9000                       102            60                                                     
        104 Bruce           Ernst           BERNST     590.423.4568         21-MAY-91 IT_PROG          6000                       103            60                                                     
        107 Diana           Lorentz         DLORENTZ   590.423.5567         07-FEB-99 IT_PROG          4200                       103            60                                                     
        124 Kevin           Mourgos         KMOURGOS   650.123.5234         16-NOV-99 ST_MAN           5800                       100            50                                                     
        141 Trenna          Rajs            TRAJS      650.121.8009         17-OCT-95 ST_CLERK         3500                       124            50                                                     
        142 Curtis          Davies          CDAVIES    650.121.2994         29-JAN-97 ST_CLERK         3100                       124            50                                                     
        143 Randall         Matos           RMATOS     650.121.2874         15-MAR-98 ST_CLERK         2600                       124            50                                                     
        144 Peter           Vargas                     650.121.2004         09-JUL-98 ST_CLERK         2500                       124            50                                                     
        149 Eleni           Zlotkey         EZLOTKEY   011.44.1344.429018   29-JAN-00 SA_MAN          10500             .2        100            80                                                     
        174 Ellen           Abel            EABEL      011.44.1644.429267   11-MAY-96 SA_REP          11000             .3        149            80                                                     
        176 Jonathon        Taylor          JTAYLOR    011.44.1644.429265   24-MAR-98 SA_REP           8600             .3        149            80                                                     
        178 Kimerely        Grant           KGRANT     011.44.1644.429263   24-MAY-99 SA_REP           7000            .15        149                                                                   
        200 Jennifer        Whalen          JWHALEN    515.123.4444         17-SEP-87 AD_ASST          4400                       101            10                                                     
        201 Michael         Hartstein       MHARTSTE   515.123.5555         17-FEB-96 MK_MAN          13000                       100            20                                                     
        202 Pat             Fay             PFAY       603.123.6666         17-AUG-97 MK_REP           6000                       201            20                                                     
        205 Shelley         Higgins         SHIGGINS   515.123.8080         07-JUN-94 AC_MGR          12000                       101           110                                                     
        206 William         Gietz           WGIETZ     515.123.8181         07-JUN-94 AC_ACCOUNT       8300                       205           110                                                     

20 rows selected.

SQL> SELECT HIRE_DATE ,  REPLACE(REPLACE(HIRE_DATE,'JAN','january'),'FEB','2') NEW_HIRE_DATE FROM EMPLOYEES;

HIRE_DATE NEW_HIRE_DATE                                                                                                                                                                                 
--------- ------------------------------------------------------------------------------------------------------------------------------                                                                
17-JUL-87 17-JUL-87                                                                                                                                                                                     
21-SEP-89 21-SEP-89                                                                                                                                                                                     
13-JAN-93 13-january-93                                                                                                                                                                                 
03-JAN-90 03-january-90                                                                                                                                                                                 
21-MAY-91 21-MAY-91                                                                                                                                                                                     
07-FEB-99 07-2-99                                                                                                                                                                                       
16-NOV-99 16-NOV-99                                                                                                                                                                                     
17-OCT-95 17-OCT-95                                                                                                                                                                                     
29-JAN-97 29-january-97                                                                                                                                                                                 
15-MAR-98 15-MAR-98                                                                                                                                                                                     
09-JUL-98 09-JUL-98                                                                                                                                                                                     
29-JAN-00 29-january-00                                                                                                                                                                                 
11-MAY-96 11-MAY-96                                                                                                                                                                                     
24-MAR-98 24-MAR-98                                                                                                                                                                                     
24-MAY-99 24-MAY-99                                                                                                                                                                                     
17-SEP-87 17-SEP-87                                                                                                                                                                                     
17-FEB-96 17-2-96                                                                                                                                                                                       
17-AUG-97 17-AUG-97                                                                                                                                                                                     
07-JUN-94 07-JUN-94                                                                                                                                                                                     
07-JUN-94 07-JUN-94                                                                                                                                                                                     

20 rows selected.

SQL> COL NEW_HIRE_DATE FORMAT A30
SQL> 
SQL> SELECT HIRE_DATE ,  REPLACE(REPLACE(HIRE_DATE,'JAN','january'),'FEB','2') NEW_HIRE_DATE FROM EMPLOYEES;

HIRE_DATE NEW_HIRE_DATE                                                                                                                                                                                 
--------- ------------------------------                                                                                                                                                                
17-JUL-87 17-JUL-87                                                                                                                                                                                     
21-SEP-89 21-SEP-89                                                                                                                                                                                     
13-JAN-93 13-january-93                                                                                                                                                                                 
03-JAN-90 03-january-90                                                                                                                                                                                 
21-MAY-91 21-MAY-91                                                                                                                                                                                     
07-FEB-99 07-2-99                                                                                                                                                                                       
16-NOV-99 16-NOV-99                                                                                                                                                                                     
17-OCT-95 17-OCT-95                                                                                                                                                                                     
29-JAN-97 29-january-97                                                                                                                                                                                 
15-MAR-98 15-MAR-98                                                                                                                                                                                     
09-JUL-98 09-JUL-98                                                                                                                                                                                     
29-JAN-00 29-january-00                                                                                                                                                                                 
11-MAY-96 11-MAY-96                                                                                                                                                                                     
24-MAR-98 24-MAR-98                                                                                                                                                                                     
24-MAY-99 24-MAY-99                                                                                                                                                                                     
17-SEP-87 17-SEP-87                                                                                                                                                                                     
17-FEB-96 17-2-96                                                                                                                                                                                       
17-AUG-97 17-AUG-97                                                                                                                                                                                     
07-JUN-94 07-JUN-94                                                                                                                                                                                     
07-JUN-94 07-JUN-94                                                                                                                                                                                     

20 rows selected.

SQL> SELECT * FROM EMPLOYEES;

EMPLOYEE_ID FIRST_NAME      LAST_NAME       EMAIL      PHONE_NUMBER         HIRE_DATE JOB_ID         SALARY COMMISSION_PCT MANAGER_ID DEPARTMENT_ID                                                     
----------- --------------- --------------- ---------- -------------------- --------- ---------- ---------- -------------- ---------- -------------                                                     
        100 Steven          King            SKING      515.123.4567         17-JUL-87 AD_PRES         24000                                      90                                                     
        101 Neena           Kochhar         NKOCHHAR   515.123.4568         21-SEP-89 AD_VP           17000                       100            90                                                     
        102 Lex             De Haan         LDEHAAN    515.123.4569         13-JAN-93 AD_VP           17000                       100            90                                                     
        103 Alexander       Hunold          AHUNOLD    590.423.4567         03-JAN-90 IT_PROG          9000                       102            60                                                     
        104 Bruce           Ernst           BERNST     590.423.4568         21-MAY-91 IT_PROG          6000                       103            60                                                     
        107 Diana           Lorentz         DLORENTZ   590.423.5567         07-FEB-99 IT_PROG          4200                       103            60                                                     
        124 Kevin           Mourgos         KMOURGOS   650.123.5234         16-NOV-99 ST_MAN           5800                       100            50                                                     
        141 Trenna          Rajs            TRAJS      650.121.8009         17-OCT-95 ST_CLERK         3500                       124            50                                                     
        142 Curtis          Davies          CDAVIES    650.121.2994         29-JAN-97 ST_CLERK         3100                       124            50                                                     
        143 Randall         Matos           RMATOS     650.121.2874         15-MAR-98 ST_CLERK         2600                       124            50                                                     
        144 Peter           Vargas                     650.121.2004         09-JUL-98 ST_CLERK         2500                       124            50                                                     
        149 Eleni           Zlotkey         EZLOTKEY   011.44.1344.429018   29-JAN-00 SA_MAN          10500             .2        100            80                                                     
        174 Ellen           Abel            EABEL      011.44.1644.429267   11-MAY-96 SA_REP          11000             .3        149            80                                                     
        176 Jonathon        Taylor          JTAYLOR    011.44.1644.429265   24-MAR-98 SA_REP           8600             .3        149            80                                                     
        178 Kimerely        Grant           KGRANT     011.44.1644.429263   24-MAY-99 SA_REP           7000            .15        149                                                                   
        200 Jennifer        Whalen          JWHALEN    515.123.4444         17-SEP-87 AD_ASST          4400                       101            10                                                     
        201 Michael         Hartstein       MHARTSTE   515.123.5555         17-FEB-96 MK_MAN          13000                       100            20                                                     
        202 Pat             Fay             PFAY       603.123.6666         17-AUG-97 MK_REP           6000                       201            20                                                     
        205 Shelley         Higgins         SHIGGINS   515.123.8080         07-JUN-94 AC_MGR          12000                       101           110                                                     
        206 William         Gietz           WGIETZ     515.123.8181         07-JUN-94 AC_ACCOUNT       8300                       205           110                                                     

20 rows selected.

SQL> REM 24000   24 ZERO ZERO ZERO
SQL> REM  4200   42 ZERO ZERO
SQL> 
SQL> SELECT SALARY , REPLACE(SALARY , '0' , ' ZERO') FROM EMPLOYEES;

    SALARY                                                                                                                                                                                              
----------                                                                                                                                                                                              
REPLACE(SALARY,'0','ZERO')                                                                                                                                                                              
--------------------------------------------------------------------------------------------------------------------------------------------------------------------------------------------------------
     24000                                                                                                                                                                                              
24 ZERO ZERO ZERO                                                                                                                                                                                       
                                                                                                                                                                                                        
     17000                                                                                                                                                                                              
17 ZERO ZERO ZERO                                                                                                                                                                                       
                                                                                                                                                                                                        
     17000                                                                                                                                                                                              
17 ZERO ZERO ZERO                                                                                                                                                                                       
                                                                                                                                                                                                        
      9000                                                                                                                                                                                              
9 ZERO ZERO ZERO                                                                                                                                                                                        
                                                                                                                                                                                                        
      6000                                                                                                                                                                                              
6 ZERO ZERO ZERO                                                                                                                                                                                        
                                                                                                                                                                                                        
      4200                                                                                                                                                                                              
42 ZERO ZERO                                                                                                                                                                                            
                                                                                                                                                                                                        
      5800                                                                                                                                                                                              

    SALARY                                                                                                                                                                                              
----------                                                                                                                                                                                              
REPLACE(SALARY,'0','ZERO')                                                                                                                                                                              
--------------------------------------------------------------------------------------------------------------------------------------------------------------------------------------------------------
58 ZERO ZERO                                                                                                                                                                                            
                                                                                                                                                                                                        
      3500                                                                                                                                                                                              
35 ZERO ZERO                                                                                                                                                                                            
                                                                                                                                                                                                        
      3100                                                                                                                                                                                              
31 ZERO ZERO                                                                                                                                                                                            
                                                                                                                                                                                                        
      2600                                                                                                                                                                                              
26 ZERO ZERO                                                                                                                                                                                            
                                                                                                                                                                                                        
      2500                                                                                                                                                                                              
25 ZERO ZERO                                                                                                                                                                                            
                                                                                                                                                                                                        
     10500                                                                                                                                                                                              
1 ZERO5 ZERO ZERO                                                                                                                                                                                       
                                                                                                                                                                                                        
     11000                                                                                                                                                                                              
11 ZERO ZERO ZERO                                                                                                                                                                                       

    SALARY                                                                                                                                                                                              
----------                                                                                                                                                                                              
REPLACE(SALARY,'0','ZERO')                                                                                                                                                                              
--------------------------------------------------------------------------------------------------------------------------------------------------------------------------------------------------------
                                                                                                                                                                                                        
      8600                                                                                                                                                                                              
86 ZERO ZERO                                                                                                                                                                                            
                                                                                                                                                                                                        
      7000                                                                                                                                                                                              
7 ZERO ZERO ZERO                                                                                                                                                                                        
                                                                                                                                                                                                        
      4400                                                                                                                                                                                              
44 ZERO ZERO                                                                                                                                                                                            
                                                                                                                                                                                                        
     13000                                                                                                                                                                                              
13 ZERO ZERO ZERO                                                                                                                                                                                       
                                                                                                                                                                                                        
      6000                                                                                                                                                                                              
6 ZERO ZERO ZERO                                                                                                                                                                                        
                                                                                                                                                                                                        
     12000                                                                                                                                                                                              
12 ZERO ZERO ZERO                                                                                                                                                                                       
                                                                                                                                                                                                        

    SALARY                                                                                                                                                                                              
----------                                                                                                                                                                                              
REPLACE(SALARY,'0','ZERO')                                                                                                                                                                              
--------------------------------------------------------------------------------------------------------------------------------------------------------------------------------------------------------
      8300                                                                                                                                                                                              
83 ZERO ZERO                                                                                                                                                                                            
                                                                                                                                                                                                        

20 rows selected.

SQL> SELECT SALARY , REPLACE(SALARY , '0' , ' ZERO') NEW_SALARY FROM EMPLOYEES;

    SALARY                                                                                                                                                                                              
----------                                                                                                                                                                                              
NEW_SALARY                                                                                                                                                                                              
--------------------------------------------------------------------------------------------------------------------------------------------------------------------------------------------------------
     24000                                                                                                                                                                                              
24 ZERO ZERO ZERO                                                                                                                                                                                       
                                                                                                                                                                                                        
     17000                                                                                                                                                                                              
17 ZERO ZERO ZERO                                                                                                                                                                                       
                                                                                                                                                                                                        
     17000                                                                                                                                                                                              
17 ZERO ZERO ZERO                                                                                                                                                                                       
                                                                                                                                                                                                        
      9000                                                                                                                                                                                              
9 ZERO ZERO ZERO                                                                                                                                                                                        
                                                                                                                                                                                                        
      6000                                                                                                                                                                                              
6 ZERO ZERO ZERO                                                                                                                                                                                        
                                                                                                                                                                                                        
      4200                                                                                                                                                                                              
42 ZERO ZERO                                                                                                                                                                                            
                                                                                                                                                                                                        
      5800                                                                                                                                                                                              

    SALARY                                                                                                                                                                                              
----------                                                                                                                                                                                              
NEW_SALARY                                                                                                                                                                                              
--------------------------------------------------------------------------------------------------------------------------------------------------------------------------------------------------------
58 ZERO ZERO                                                                                                                                                                                            
                                                                                                                                                                                                        
      3500                                                                                                                                                                                              
35 ZERO ZERO                                                                                                                                                                                            
                                                                                                                                                                                                        
      3100                                                                                                                                                                                              
31 ZERO ZERO                                                                                                                                                                                            
                                                                                                                                                                                                        
      2600                                                                                                                                                                                              
26 ZERO ZERO                                                                                                                                                                                            
                                                                                                                                                                                                        
      2500                                                                                                                                                                                              
25 ZERO ZERO                                                                                                                                                                                            
                                                                                                                                                                                                        
     10500                                                                                                                                                                                              
1 ZERO5 ZERO ZERO                                                                                                                                                                                       
                                                                                                                                                                                                        
     11000                                                                                                                                                                                              
11 ZERO ZERO ZERO                                                                                                                                                                                       

    SALARY                                                                                                                                                                                              
----------                                                                                                                                                                                              
NEW_SALARY                                                                                                                                                                                              
--------------------------------------------------------------------------------------------------------------------------------------------------------------------------------------------------------
                                                                                                                                                                                                        
      8600                                                                                                                                                                                              
86 ZERO ZERO                                                                                                                                                                                            
                                                                                                                                                                                                        
      7000                                                                                                                                                                                              
7 ZERO ZERO ZERO                                                                                                                                                                                        
                                                                                                                                                                                                        
      4400                                                                                                                                                                                              
44 ZERO ZERO                                                                                                                                                                                            
                                                                                                                                                                                                        
     13000                                                                                                                                                                                              
13 ZERO ZERO ZERO                                                                                                                                                                                       
                                                                                                                                                                                                        
      6000                                                                                                                                                                                              
6 ZERO ZERO ZERO                                                                                                                                                                                        
                                                                                                                                                                                                        
     12000                                                                                                                                                                                              
12 ZERO ZERO ZERO                                                                                                                                                                                       
                                                                                                                                                                                                        

    SALARY                                                                                                                                                                                              
----------                                                                                                                                                                                              
NEW_SALARY                                                                                                                                                                                              
--------------------------------------------------------------------------------------------------------------------------------------------------------------------------------------------------------
      8300                                                                                                                                                                                              
83 ZERO ZERO                                                                                                                                                                                            
                                                                                                                                                                                                        

20 rows selected.

SQL> COL NEW_SALARY FORMAT A15
SQL> 
SQL> R
  1* SELECT SALARY , REPLACE(SALARY , '0' , ' ZERO') NEW_SALARY FROM EMPLOYEES

    SALARY NEW_SALARY                                                                                                                                                                                   
---------- ---------------                                                                                                                                                                              
     24000 24 ZERO ZERO ZE                                                                                                                                                                              
           RO                                                                                                                                                                                           
                                                                                                                                                                                                        
     17000 17 ZERO ZERO ZE                                                                                                                                                                              
           RO                                                                                                                                                                                           
                                                                                                                                                                                                        
     17000 17 ZERO ZERO ZE                                                                                                                                                                              
           RO                                                                                                                                                                                           
                                                                                                                                                                                                        
      9000 9 ZERO ZERO ZER                                                                                                                                                                              
           O                                                                                                                                                                                            
                                                                                                                                                                                                        
      6000 6 ZERO ZERO ZER                                                                                                                                                                              
           O                                                                                                                                                                                            
                                                                                                                                                                                                        
      4200 42 ZERO ZERO                                                                                                                                                                                 
      5800 58 ZERO ZERO                                                                                                                                                                                 
      3500 35 ZERO ZERO                                                                                                                                                                                 
      3100 31 ZERO ZERO                                                                                                                                                                                 
      2600 26 ZERO ZERO                                                                                                                                                                                 
      2500 25 ZERO ZERO                                                                                                                                                                                 

    SALARY NEW_SALARY                                                                                                                                                                                   
---------- ---------------                                                                                                                                                                              
     10500 1 ZERO5 ZERO ZE                                                                                                                                                                              
           RO                                                                                                                                                                                           
                                                                                                                                                                                                        
     11000 11 ZERO ZERO ZE                                                                                                                                                                              
           RO                                                                                                                                                                                           
                                                                                                                                                                                                        
      8600 86 ZERO ZERO                                                                                                                                                                                 
      7000 7 ZERO ZERO ZER                                                                                                                                                                              
           O                                                                                                                                                                                            
                                                                                                                                                                                                        
      4400 44 ZERO ZERO                                                                                                                                                                                 
     13000 13 ZERO ZERO ZE                                                                                                                                                                              
           RO                                                                                                                                                                                           
                                                                                                                                                                                                        
      6000 6 ZERO ZERO ZER                                                                                                                                                                              
           O                                                                                                                                                                                            
                                                                                                                                                                                                        
     12000 12 ZERO ZERO ZE                                                                                                                                                                              
           RO                                                                                                                                                                                           
                                                                                                                                                                                                        
      8300 83 ZERO ZERO                                                                                                                                                                                 

20 rows selected.

SQL> COL NEW_SALARY FORMAT A20
SQL> 
SQL> R
  1* SELECT SALARY , REPLACE(SALARY , '0' , ' ZERO') NEW_SALARY FROM EMPLOYEES

    SALARY NEW_SALARY                                                                                                                                                                                   
---------- --------------------                                                                                                                                                                         
     24000 24 ZERO ZERO ZERO                                                                                                                                                                            
     17000 17 ZERO ZERO ZERO                                                                                                                                                                            
     17000 17 ZERO ZERO ZERO                                                                                                                                                                            
      9000 9 ZERO ZERO ZERO                                                                                                                                                                             
      6000 6 ZERO ZERO ZERO                                                                                                                                                                             
      4200 42 ZERO ZERO                                                                                                                                                                                 
      5800 58 ZERO ZERO                                                                                                                                                                                 
      3500 35 ZERO ZERO                                                                                                                                                                                 
      3100 31 ZERO ZERO                                                                                                                                                                                 
      2600 26 ZERO ZERO                                                                                                                                                                                 
      2500 25 ZERO ZERO                                                                                                                                                                                 
     10500 1 ZERO5 ZERO ZERO                                                                                                                                                                            
     11000 11 ZERO ZERO ZERO                                                                                                                                                                            
      8600 86 ZERO ZERO                                                                                                                                                                                 
      7000 7 ZERO ZERO ZERO                                                                                                                                                                             
      4400 44 ZERO ZERO                                                                                                                                                                                 
     13000 13 ZERO ZERO ZERO                                                                                                                                                                            
      6000 6 ZERO ZERO ZERO                                                                                                                                                                             
     12000 12 ZERO ZERO ZERO                                                                                                                                                                            
      8300 83 ZERO ZERO                                                                                                                                                                                 

20 rows selected.

SQL> SELECT * FROM EMPLOYEES;

EMPLOYEE_ID FIRST_NAME      LAST_NAME       EMAIL      PHONE_NUMBER         HIRE_DATE JOB_ID         SALARY COMMISSION_PCT MANAGER_ID DEPARTMENT_ID                                                     
----------- --------------- --------------- ---------- -------------------- --------- ---------- ---------- -------------- ---------- -------------                                                     
        100 Steven          King            SKING      515.123.4567         17-JUL-87 AD_PRES         24000                                      90                                                     
        101 Neena           Kochhar         NKOCHHAR   515.123.4568         21-SEP-89 AD_VP           17000                       100            90                                                     
        102 Lex             De Haan         LDEHAAN    515.123.4569         13-JAN-93 AD_VP           17000                       100            90                                                     
        103 Alexander       Hunold          AHUNOLD    590.423.4567         03-JAN-90 IT_PROG          9000                       102            60                                                     
        104 Bruce           Ernst           BERNST     590.423.4568         21-MAY-91 IT_PROG          6000                       103            60                                                     
        107 Diana           Lorentz         DLORENTZ   590.423.5567         07-FEB-99 IT_PROG          4200                       103            60                                                     
        124 Kevin           Mourgos         KMOURGOS   650.123.5234         16-NOV-99 ST_MAN           5800                       100            50                                                     
        141 Trenna          Rajs            TRAJS      650.121.8009         17-OCT-95 ST_CLERK         3500                       124            50                                                     
        142 Curtis          Davies          CDAVIES    650.121.2994         29-JAN-97 ST_CLERK         3100                       124            50                                                     
        143 Randall         Matos           RMATOS     650.121.2874         15-MAR-98 ST_CLERK         2600                       124            50                                                     
        144 Peter           Vargas                     650.121.2004         09-JUL-98 ST_CLERK         2500                       124            50                                                     
        149 Eleni           Zlotkey         EZLOTKEY   011.44.1344.429018   29-JAN-00 SA_MAN          10500             .2        100            80                                                     
        174 Ellen           Abel            EABEL      011.44.1644.429267   11-MAY-96 SA_REP          11000             .3        149            80                                                     
        176 Jonathon        Taylor          JTAYLOR    011.44.1644.429265   24-MAR-98 SA_REP           8600             .3        149            80                                                     
        178 Kimerely        Grant           KGRANT     011.44.1644.429263   24-MAY-99 SA_REP           7000            .15        149                                                                   
        200 Jennifer        Whalen          JWHALEN    515.123.4444         17-SEP-87 AD_ASST          4400                       101            10                                                     
        201 Michael         Hartstein       MHARTSTE   515.123.5555         17-FEB-96 MK_MAN          13000                       100            20                                                     
        202 Pat             Fay             PFAY       603.123.6666         17-AUG-97 MK_REP           6000                       201            20                                                     
        205 Shelley         Higgins         SHIGGINS   515.123.8080         07-JUN-94 AC_MGR          12000                       101           110                                                     
        206 William         Gietz           WGIETZ     515.123.8181         07-JUN-94 AC_ACCOUNT       8300                       205           110                                                     

20 rows selected.

SQL> REM DISPLAY PHONE_NUMBER WITHOUT DOT
SQL> 
SQL> SELECT PHONE_NUMBER , REPLACE(PHONE_NUMBER,'.') , TRANSLATE(PHONE_NUMBER'#.','#') FROM EMPLOYEES;
SELECT PHONE_NUMBER , REPLACE(PHONE_NUMBER,'.') , TRANSLATE(PHONE_NUMBER'#.','#') FROM EMPLOYEES
                                                  *
ERROR at line 1:
ORA-00909: invalid number of arguments 


SQL> SELECT PHONE_NUMBER , REPLACE(PHONE_NUMBER,'.') , TRANSLATE(PHONE_NUMBER,'#.','#') FROM EMPLOYEES;

PHONE_NUMBER         REPLACE(PHONE_NUMBER TRANSLATE(PHONE_NUMBER,'#.','#')                                                                                                                              
-------------------- -------------------- --------------------------------------------------------------------------------                                                                              
515.123.4567         5151234567           5151234567                                                                                                                                                    
515.123.4568         5151234568           5151234568                                                                                                                                                    
515.123.4569         5151234569           5151234569                                                                                                                                                    
590.423.4567         5904234567           5904234567                                                                                                                                                    
590.423.4568         5904234568           5904234568                                                                                                                                                    
590.423.5567         5904235567           5904235567                                                                                                                                                    
650.123.5234         6501235234           6501235234                                                                                                                                                    
650.121.8009         6501218009           6501218009                                                                                                                                                    
650.121.2994         6501212994           6501212994                                                                                                                                                    
650.121.2874         6501212874           6501212874                                                                                                                                                    
650.121.2004         6501212004           6501212004                                                                                                                                                    
011.44.1344.429018   011441344429018      011441344429018                                                                                                                                               
011.44.1644.429267   011441644429267      011441644429267                                                                                                                                               
011.44.1644.429265   011441644429265      011441644429265                                                                                                                                               
011.44.1644.429263   011441644429263      011441644429263                                                                                                                                               
515.123.4444         5151234444           5151234444                                                                                                                                                    
515.123.5555         5151235555           5151235555                                                                                                                                                    
603.123.6666         6031236666           6031236666                                                                                                                                                    
515.123.8080         5151238080           5151238080                                                                                                                                                    
515.123.8181         5151238181           5151238181                                                                                                                                                    

20 rows selected.

SQL> SELECT PHONE_NUMBER , REPLACE(PHONE_NUMBER,'.') , TRANSLATE(PHONE_NUMBER,'#.','.') FROM EMPLOYEES;

PHONE_NUMBER         REPLACE(PHONE_NUMBER TRANSLATE(PHONE_NUMBER,'#.','.')                                                                                                                              
-------------------- -------------------- --------------------------------------------------------------------------------                                                                              
515.123.4567         5151234567           5151234567                                                                                                                                                    
515.123.4568         5151234568           5151234568                                                                                                                                                    
515.123.4569         5151234569           5151234569                                                                                                                                                    
590.423.4567         5904234567           5904234567                                                                                                                                                    
590.423.4568         5904234568           5904234568                                                                                                                                                    
590.423.5567         5904235567           5904235567                                                                                                                                                    
650.123.5234         6501235234           6501235234                                                                                                                                                    
650.121.8009         6501218009           6501218009                                                                                                                                                    
650.121.2994         6501212994           6501212994                                                                                                                                                    
650.121.2874         6501212874           6501212874                                                                                                                                                    
650.121.2004         6501212004           6501212004                                                                                                                                                    
011.44.1344.429018   011441344429018      011441344429018                                                                                                                                               
011.44.1644.429267   011441644429267      011441644429267                                                                                                                                               
011.44.1644.429265   011441644429265      011441644429265                                                                                                                                               
011.44.1644.429263   011441644429263      011441644429263                                                                                                                                               
515.123.4444         5151234444           5151234444                                                                                                                                                    
515.123.5555         5151235555           5151235555                                                                                                                                                    
603.123.6666         6031236666           6031236666                                                                                                                                                    
515.123.8080         5151238080           5151238080                                                                                                                                                    
515.123.8181         5151238181           5151238181                                                                                                                                                    

20 rows selected.

SQL> SELECT * FROM EMPLOYEES;

EMPLOYEE_ID FIRST_NAME      LAST_NAME       EMAIL      PHONE_NUMBER         HIRE_DATE JOB_ID         SALARY COMMISSION_PCT MANAGER_ID DEPARTMENT_ID                                                     
----------- --------------- --------------- ---------- -------------------- --------- ---------- ---------- -------------- ---------- -------------                                                     
        100 Steven          King            SKING      515.123.4567         17-JUL-87 AD_PRES         24000                                      90                                                     
        101 Neena           Kochhar         NKOCHHAR   515.123.4568         21-SEP-89 AD_VP           17000                       100            90                                                     
        102 Lex             De Haan         LDEHAAN    515.123.4569         13-JAN-93 AD_VP           17000                       100            90                                                     
        103 Alexander       Hunold          AHUNOLD    590.423.4567         03-JAN-90 IT_PROG          9000                       102            60                                                     
        104 Bruce           Ernst           BERNST     590.423.4568         21-MAY-91 IT_PROG          6000                       103            60                                                     
        107 Diana           Lorentz         DLORENTZ   590.423.5567         07-FEB-99 IT_PROG          4200                       103            60                                                     
        124 Kevin           Mourgos         KMOURGOS   650.123.5234         16-NOV-99 ST_MAN           5800                       100            50                                                     
        141 Trenna          Rajs            TRAJS      650.121.8009         17-OCT-95 ST_CLERK         3500                       124            50                                                     
        142 Curtis          Davies          CDAVIES    650.121.2994         29-JAN-97 ST_CLERK         3100                       124            50                                                     
        143 Randall         Matos           RMATOS     650.121.2874         15-MAR-98 ST_CLERK         2600                       124            50                                                     
        144 Peter           Vargas                     650.121.2004         09-JUL-98 ST_CLERK         2500                       124            50                                                     
        149 Eleni           Zlotkey         EZLOTKEY   011.44.1344.429018   29-JAN-00 SA_MAN          10500             .2        100            80                                                     
        174 Ellen           Abel            EABEL      011.44.1644.429267   11-MAY-96 SA_REP          11000             .3        149            80                                                     
        176 Jonathon        Taylor          JTAYLOR    011.44.1644.429265   24-MAR-98 SA_REP           8600             .3        149            80                                                     
        178 Kimerely        Grant           KGRANT     011.44.1644.429263   24-MAY-99 SA_REP           7000            .15        149                                                                   
        200 Jennifer        Whalen          JWHALEN    515.123.4444         17-SEP-87 AD_ASST          4400                       101            10                                                     
        201 Michael         Hartstein       MHARTSTE   515.123.5555         17-FEB-96 MK_MAN          13000                       100            20                                                     
        202 Pat             Fay             PFAY       603.123.6666         17-AUG-97 MK_REP           6000                       201            20                                                     
        205 Shelley         Higgins         SHIGGINS   515.123.8080         07-JUN-94 AC_MGR          12000                       101           110                                                     
        206 William         Gietz           WGIETZ     515.123.8181         07-JUN-94 AC_ACCOUNT       8300                       205           110                                                     

20 rows selected.

SQL> REM SUBSTR : IT IS USED TO SEPARATE SOME PART OF INPUT FROM LEFT , RIGHT OR MIDDLE.
SQL> 
SQL> SELECT SUBSTR('LaxmanShivRamKrishnan',1,6) FROM DUAL;

SUBSTR                                                                                                                                                                                                  
------                                                                                                                                                                                                  
Laxman                                                                                                                                                                                                  

SQL> SELECT SUBSTR('LaxmanShivRamKrishnan',7,4) FROM DUAL;

SUBS                                                                                                                                                                                                    
----                                                                                                                                                                                                    
Shiv                                                                                                                                                                                                    

SQL> SELECT SUBSTR('LaxmanShivRamKrishnan',7,7) FROM DUAL;

SUBSTR(                                                                                                                                                                                                 
-------                                                                                                                                                                                                 
ShivRam                                                                                                                                                                                                 

SQL> SELECT SUBSTR('LaxmanShivRamKrishnan',14) FROM DUAL;

SUBSTR('                                                                                                                                                                                                
--------                                                                                                                                                                                                
Krishnan                                                                                                                                                                                                

SQL> SELECT SUBSTR('LaxmanShivRamKrishnan',-8) FROM DUAL;

SUBSTR('                                                                                                                                                                                                
--------                                                                                                                                                                                                
Krishnan                                                                                                                                                                                                

SQL> SELECT SUBSTR('LaxmanShivRamKrishnan',-8,5) FROM DUAL;

SUBST                                                                                                                                                                                                   
-----                                                                                                                                                                                                   
Krish                                                                                                                                                                                                   

SQL> SELECT SUBSTR('LaxmanShivRamKrishnan',-8,7) FROM DUAL;

SUBSTR(                                                                                                                                                                                                 
-------                                                                                                                                                                                                 
Krishna                                                                                                                                                                                                 

SQL> REM 1 ShivRam   : 1 positive 2 negative
SQL> 
SQL> SELECT SUBSTR('LaxmanShivRamKrishnan',7,7) , SUBSTR('LaxmanShivRamKrishnan,-15,7) FROM DUAL;
ERROR:
ORA-01756: quoted string not properly terminated 


SQL> SELECT SUBSTR('LaxmanShivRamKrishnan',7,7) , SUBSTR('LaxmanShivRamKrishnan',-15,7) FROM DUAL;

SUBSTR( SUBSTR(                                                                                                                                                                                         
------- -------                                                                                                                                                                                         
ShivRam ShivRam                                                                                                                                                                                         

SQL> SELECT * FROM EMPLOYEES;

EMPLOYEE_ID FIRST_NAME      LAST_NAME       EMAIL      PHONE_NUMBER         HIRE_DATE JOB_ID         SALARY COMMISSION_PCT MANAGER_ID DEPARTMENT_ID                                                     
----------- --------------- --------------- ---------- -------------------- --------- ---------- ---------- -------------- ---------- -------------                                                     
        100 Steven          King            SKING      515.123.4567         17-JUL-87 AD_PRES         24000                                      90                                                     
        101 Neena           Kochhar         NKOCHHAR   515.123.4568         21-SEP-89 AD_VP           17000                       100            90                                                     
        102 Lex             De Haan         LDEHAAN    515.123.4569         13-JAN-93 AD_VP           17000                       100            90                                                     
        103 Alexander       Hunold          AHUNOLD    590.423.4567         03-JAN-90 IT_PROG          9000                       102            60                                                     
        104 Bruce           Ernst           BERNST     590.423.4568         21-MAY-91 IT_PROG          6000                       103            60                                                     
        107 Diana           Lorentz         DLORENTZ   590.423.5567         07-FEB-99 IT_PROG          4200                       103            60                                                     
        124 Kevin           Mourgos         KMOURGOS   650.123.5234         16-NOV-99 ST_MAN           5800                       100            50                                                     
        141 Trenna          Rajs            TRAJS      650.121.8009         17-OCT-95 ST_CLERK         3500                       124            50                                                     
        142 Curtis          Davies          CDAVIES    650.121.2994         29-JAN-97 ST_CLERK         3100                       124            50                                                     
        143 Randall         Matos           RMATOS     650.121.2874         15-MAR-98 ST_CLERK         2600                       124            50                                                     
        144 Peter           Vargas                     650.121.2004         09-JUL-98 ST_CLERK         2500                       124            50                                                     
        149 Eleni           Zlotkey         EZLOTKEY   011.44.1344.429018   29-JAN-00 SA_MAN          10500             .2        100            80                                                     
        174 Ellen           Abel            EABEL      011.44.1644.429267   11-MAY-96 SA_REP          11000             .3        149            80                                                     
        176 Jonathon        Taylor          JTAYLOR    011.44.1644.429265   24-MAR-98 SA_REP           8600             .3        149            80                                                     
        178 Kimerely        Grant           KGRANT     011.44.1644.429263   24-MAY-99 SA_REP           7000            .15        149                                                                   
        200 Jennifer        Whalen          JWHALEN    515.123.4444         17-SEP-87 AD_ASST          4400                       101            10                                                     
        201 Michael         Hartstein       MHARTSTE   515.123.5555         17-FEB-96 MK_MAN          13000                       100            20                                                     
        202 Pat             Fay             PFAY       603.123.6666         17-AUG-97 MK_REP           6000                       201            20                                                     
        205 Shelley         Higgins         SHIGGINS   515.123.8080         07-JUN-94 AC_MGR          12000                       101           110                                                     
        206 William         Gietz           WGIETZ     515.123.8181         07-JUN-94 AC_ACCOUNT       8300                       205           110                                                     

20 rows selected.

SQL> REM steING
SQL> REM neeHAR
SQL> REM lexAAN
SQL> 
SQL> SELECT LOWER(SUBSTR(FIRST_NAME,1,3))||UPPER(SUBSTR(LAST_NAME,-3)) FROM EMPLOYEES;

LOWER(SUBSTR(FIRST_NAME,                                                                                                                                                                                
------------------------                                                                                                                                                                                
steING                                                                                                                                                                                                  
neeHAR                                                                                                                                                                                                  
lexAAN                                                                                                                                                                                                  
aleOLD                                                                                                                                                                                                  
bruNST                                                                                                                                                                                                  
diaNTZ                                                                                                                                                                                                  
kevGOS                                                                                                                                                                                                  
treAJS                                                                                                                                                                                                  
curIES                                                                                                                                                                                                  
ranTOS                                                                                                                                                                                                  
petGAS                                                                                                                                                                                                  
eleKEY                                                                                                                                                                                                  
ellBEL                                                                                                                                                                                                  
jonLOR                                                                                                                                                                                                  
kimANT                                                                                                                                                                                                  
jenLEN                                                                                                                                                                                                  
micEIN                                                                                                                                                                                                  
patFAY                                                                                                                                                                                                  
sheINS                                                                                                                                                                                                  
wilETZ                                                                                                                                                                                                  

20 rows selected.

SQL> SELECT * FROM EMPLOYEES;

EMPLOYEE_ID FIRST_NAME      LAST_NAME       EMAIL      PHONE_NUMBER         HIRE_DATE JOB_ID         SALARY COMMISSION_PCT MANAGER_ID DEPARTMENT_ID                                                     
----------- --------------- --------------- ---------- -------------------- --------- ---------- ---------- -------------- ---------- -------------                                                     
        100 Steven          King            SKING      515.123.4567         17-JUL-87 AD_PRES         24000                                      90                                                     
        101 Neena           Kochhar         NKOCHHAR   515.123.4568         21-SEP-89 AD_VP           17000                       100            90                                                     
        102 Lex             De Haan         LDEHAAN    515.123.4569         13-JAN-93 AD_VP           17000                       100            90                                                     
        103 Alexander       Hunold          AHUNOLD    590.423.4567         03-JAN-90 IT_PROG          9000                       102            60                                                     
        104 Bruce           Ernst           BERNST     590.423.4568         21-MAY-91 IT_PROG          6000                       103            60                                                     
        107 Diana           Lorentz         DLORENTZ   590.423.5567         07-FEB-99 IT_PROG          4200                       103            60                                                     
        124 Kevin           Mourgos         KMOURGOS   650.123.5234         16-NOV-99 ST_MAN           5800                       100            50                                                     
        141 Trenna          Rajs            TRAJS      650.121.8009         17-OCT-95 ST_CLERK         3500                       124            50                                                     
        142 Curtis          Davies          CDAVIES    650.121.2994         29-JAN-97 ST_CLERK         3100                       124            50                                                     
        143 Randall         Matos           RMATOS     650.121.2874         15-MAR-98 ST_CLERK         2600                       124            50                                                     
        144 Peter           Vargas                     650.121.2004         09-JUL-98 ST_CLERK         2500                       124            50                                                     
        149 Eleni           Zlotkey         EZLOTKEY   011.44.1344.429018   29-JAN-00 SA_MAN          10500             .2        100            80                                                     
        174 Ellen           Abel            EABEL      011.44.1644.429267   11-MAY-96 SA_REP          11000             .3        149            80                                                     
        176 Jonathon        Taylor          JTAYLOR    011.44.1644.429265   24-MAR-98 SA_REP           8600             .3        149            80                                                     
        178 Kimerely        Grant           KGRANT     011.44.1644.429263   24-MAY-99 SA_REP           7000            .15        149                                                                   
        200 Jennifer        Whalen          JWHALEN    515.123.4444         17-SEP-87 AD_ASST          4400                       101            10                                                     
        201 Michael         Hartstein       MHARTSTE   515.123.5555         17-FEB-96 MK_MAN          13000                       100            20                                                     
        202 Pat             Fay             PFAY       603.123.6666         17-AUG-97 MK_REP           6000                       201            20                                                     
        205 Shelley         Higgins         SHIGGINS   515.123.8080         07-JUN-94 AC_MGR          12000                       101           110                                                     
        206 William         Gietz           WGIETZ     515.123.8181         07-JUN-94 AC_ACCOUNT       8300                       205           110                                                     

20 rows selected.

SQL> REM 17-juL/87
SQL> REM 21-seP/89
SQL> REM 13-jaN/93
SQL> 
SQL> 
SQL> SELECT HIRE_DATE , LOWER(SUBSTR(HIRE_DATE,1,5))||REPLACE(SUBSTR(HIRE_DATE,-4),'-','/') FROM EMPLOYEES;

HIRE_DATE LOWER(SUBSTR(HIRE_DATE,1,5))||REPLAC                                                                                                                                                          
--------- ------------------------------------                                                                                                                                                          
17-JUL-87 17-juL/87                                                                                                                                                                                     
21-SEP-89 21-seP/89                                                                                                                                                                                     
13-JAN-93 13-jaN/93                                                                                                                                                                                     
03-JAN-90 03-jaN/90                                                                                                                                                                                     
21-MAY-91 21-maY/91                                                                                                                                                                                     
07-FEB-99 07-feB/99                                                                                                                                                                                     
16-NOV-99 16-noV/99                                                                                                                                                                                     
17-OCT-95 17-ocT/95                                                                                                                                                                                     
29-JAN-97 29-jaN/97                                                                                                                                                                                     
15-MAR-98 15-maR/98                                                                                                                                                                                     
09-JUL-98 09-juL/98                                                                                                                                                                                     
29-JAN-00 29-jaN/00                                                                                                                                                                                     
11-MAY-96 11-maY/96                                                                                                                                                                                     
24-MAR-98 24-maR/98                                                                                                                                                                                     
24-MAY-99 24-maY/99                                                                                                                                                                                     
17-SEP-87 17-seP/87                                                                                                                                                                                     
17-FEB-96 17-feB/96                                                                                                                                                                                     
17-AUG-97 17-auG/97                                                                                                                                                                                     
07-JUN-94 07-juN/94                                                                                                                                                                                     
07-JUN-94 07-juN/94                                                                                                                                                                                     

20 rows selected.

SQL> SELECT HIRE_DATE FROM EMPLOYEES;

HIRE_DATE                                                                                                                                                                                               
---------                                                                                                                                                                                               
17-JUL-87                                                                                                                                                                                               
21-SEP-89                                                                                                                                                                                               
13-JAN-93                                                                                                                                                                                               
03-JAN-90                                                                                                                                                                                               
21-MAY-91                                                                                                                                                                                               
07-FEB-99                                                                                                                                                                                               
16-NOV-99                                                                                                                                                                                               
17-OCT-95                                                                                                                                                                                               
29-JAN-97                                                                                                                                                                                               
15-MAR-98                                                                                                                                                                                               
09-JUL-98                                                                                                                                                                                               
29-JAN-00                                                                                                                                                                                               
11-MAY-96                                                                                                                                                                                               
24-MAR-98                                                                                                                                                                                               
24-MAY-99                                                                                                                                                                                               
17-SEP-87                                                                                                                                                                                               
17-FEB-96                                                                                                                                                                                               
17-AUG-97                                                                                                                                                                                               
07-JUN-94                                                                                                                                                                                               
07-JUN-94                                                                                                                                                                                               

20 rows selected.

SQL> REM 1 17
SQL> 
SQL> REM 2 87
SQL> 
SQL> REM 3 JUL
SQL> 
SQL> REM 4 jul
SQL> 
SQL> REM 5 1787
SQL> 
SQL> REM 6 8717
SQL> 
SQL> REM 7 87-Jul-17
SQL> 
SQL> REM 8 87\jUl/17
SQL> 
SQL> 
SQL> 
SQL> 
SQL> REM 1 17
SQL> 
SQL> SELECT HIRE_DATE , SUBSTR(HIRE_DATE,1,2) FROM EMPLOYEES;

HIRE_DATE SUBSTR(H                                                                                                                                                                                      
--------- --------                                                                                                                                                                                      
17-JUL-87 17                                                                                                                                                                                            
21-SEP-89 21                                                                                                                                                                                            
13-JAN-93 13                                                                                                                                                                                            
03-JAN-90 03                                                                                                                                                                                            
21-MAY-91 21                                                                                                                                                                                            
07-FEB-99 07                                                                                                                                                                                            
16-NOV-99 16                                                                                                                                                                                            
17-OCT-95 17                                                                                                                                                                                            
29-JAN-97 29                                                                                                                                                                                            
15-MAR-98 15                                                                                                                                                                                            
09-JUL-98 09                                                                                                                                                                                            
29-JAN-00 29                                                                                                                                                                                            
11-MAY-96 11                                                                                                                                                                                            
24-MAR-98 24                                                                                                                                                                                            
24-MAY-99 24                                                                                                                                                                                            
17-SEP-87 17                                                                                                                                                                                            
17-FEB-96 17                                                                                                                                                                                            
17-AUG-97 17                                                                                                                                                                                            
07-JUN-94 07                                                                                                                                                                                            
07-JUN-94 07                                                                                                                                                                                            

20 rows selected.

SQL> REM 2 87
SQL> 
SQL> SELECT HIRE_DATE , SUBSTR(HIRE_DATE,-2) FROM EMPLOYEES;

HIRE_DATE SUBSTR(H                                                                                                                                                                                      
--------- --------                                                                                                                                                                                      
17-JUL-87 87                                                                                                                                                                                            
21-SEP-89 89                                                                                                                                                                                            
13-JAN-93 93                                                                                                                                                                                            
03-JAN-90 90                                                                                                                                                                                            
21-MAY-91 91                                                                                                                                                                                            
07-FEB-99 99                                                                                                                                                                                            
16-NOV-99 99                                                                                                                                                                                            
17-OCT-95 95                                                                                                                                                                                            
29-JAN-97 97                                                                                                                                                                                            
15-MAR-98 98                                                                                                                                                                                            
09-JUL-98 98                                                                                                                                                                                            
29-JAN-00 00                                                                                                                                                                                            
11-MAY-96 96                                                                                                                                                                                            
24-MAR-98 98                                                                                                                                                                                            
24-MAY-99 99                                                                                                                                                                                            
17-SEP-87 87                                                                                                                                                                                            
17-FEB-96 96                                                                                                                                                                                            
17-AUG-97 97                                                                                                                                                                                            
07-JUN-94 94                                                                                                                                                                                            
07-JUN-94 94                                                                                                                                                                                            

20 rows selected.

SQL> REM 3 JUL
SQL> 
SQL> SELECT HIRE_DATE , SUBSTR(HIRE_DATE,4,3) FROM EMPLOYEES;

HIRE_DATE SUBSTR(HIRE_                                                                                                                                                                                  
--------- ------------                                                                                                                                                                                  
17-JUL-87 JUL                                                                                                                                                                                           
21-SEP-89 SEP                                                                                                                                                                                           
13-JAN-93 JAN                                                                                                                                                                                           
03-JAN-90 JAN                                                                                                                                                                                           
21-MAY-91 MAY                                                                                                                                                                                           
07-FEB-99 FEB                                                                                                                                                                                           
16-NOV-99 NOV                                                                                                                                                                                           
17-OCT-95 OCT                                                                                                                                                                                           
29-JAN-97 JAN                                                                                                                                                                                           
15-MAR-98 MAR                                                                                                                                                                                           
09-JUL-98 JUL                                                                                                                                                                                           
29-JAN-00 JAN                                                                                                                                                                                           
11-MAY-96 MAY                                                                                                                                                                                           
24-MAR-98 MAR                                                                                                                                                                                           
24-MAY-99 MAY                                                                                                                                                                                           
17-SEP-87 SEP                                                                                                                                                                                           
17-FEB-96 FEB                                                                                                                                                                                           
17-AUG-97 AUG                                                                                                                                                                                           
07-JUN-94 JUN                                                                                                                                                                                           
07-JUN-94 JUN                                                                                                                                                                                           

20 rows selected.

SQL> REM 4 jul
SQL> 
SQL> SELECT HIRE_DATE , LOWER(SUBSTR(HIRE_DATE,4,3)) FROM EMPLOYEES;

HIRE_DATE LOWER(SUBSTR                                                                                                                                                                                  
--------- ------------                                                                                                                                                                                  
17-JUL-87 jul                                                                                                                                                                                           
21-SEP-89 sep                                                                                                                                                                                           
13-JAN-93 jan                                                                                                                                                                                           
03-JAN-90 jan                                                                                                                                                                                           
21-MAY-91 may                                                                                                                                                                                           
07-FEB-99 feb                                                                                                                                                                                           
16-NOV-99 nov                                                                                                                                                                                           
17-OCT-95 oct                                                                                                                                                                                           
29-JAN-97 jan                                                                                                                                                                                           
15-MAR-98 mar                                                                                                                                                                                           
09-JUL-98 jul                                                                                                                                                                                           
29-JAN-00 jan                                                                                                                                                                                           
11-MAY-96 may                                                                                                                                                                                           
24-MAR-98 mar                                                                                                                                                                                           
24-MAY-99 may                                                                                                                                                                                           
17-SEP-87 sep                                                                                                                                                                                           
17-FEB-96 feb                                                                                                                                                                                           
17-AUG-97 aug                                                                                                                                                                                           
07-JUN-94 jun                                                                                                                                                                                           
07-JUN-94 jun                                                                                                                                                                                           

20 rows selected.

SQL> REM 5 1787
SQL> 
SQL> SELECT HIRE_DATE , SUBSTR(HIRE_DATE,1,2)||SUBSTR(HIRE_DATE,-2) FROM EMPLOYEES;

HIRE_DATE SUBSTR(HIRE_DATE                                                                                                                                                                              
--------- ----------------                                                                                                                                                                              
17-JUL-87 1787                                                                                                                                                                                          
21-SEP-89 2189                                                                                                                                                                                          
13-JAN-93 1393                                                                                                                                                                                          
03-JAN-90 0390                                                                                                                                                                                          
21-MAY-91 2191                                                                                                                                                                                          
07-FEB-99 0799                                                                                                                                                                                          
16-NOV-99 1699                                                                                                                                                                                          
17-OCT-95 1795                                                                                                                                                                                          
29-JAN-97 2997                                                                                                                                                                                          
15-MAR-98 1598                                                                                                                                                                                          
09-JUL-98 0998                                                                                                                                                                                          
29-JAN-00 2900                                                                                                                                                                                          
11-MAY-96 1196                                                                                                                                                                                          
24-MAR-98 2498                                                                                                                                                                                          
24-MAY-99 2499                                                                                                                                                                                          
17-SEP-87 1787                                                                                                                                                                                          
17-FEB-96 1796                                                                                                                                                                                          
17-AUG-97 1797                                                                                                                                                                                          
07-JUN-94 0794                                                                                                                                                                                          
07-JUN-94 0794                                                                                                                                                                                          

20 rows selected.

SQL> REM 6 8717
SQL> 
SQL> SELECT HIRE_DATE , SUBSTR(HIRE_DATE,-2)||SUBSTR(HIRE_DATE,1,2) FROM EMPLOYEES;

HIRE_DATE SUBSTR(HIRE_DATE                                                                                                                                                                              
--------- ----------------                                                                                                                                                                              
17-JUL-87 8717                                                                                                                                                                                          
21-SEP-89 8921                                                                                                                                                                                          
13-JAN-93 9313                                                                                                                                                                                          
03-JAN-90 9003                                                                                                                                                                                          
21-MAY-91 9121                                                                                                                                                                                          
07-FEB-99 9907                                                                                                                                                                                          
16-NOV-99 9916                                                                                                                                                                                          
17-OCT-95 9517                                                                                                                                                                                          
29-JAN-97 9729                                                                                                                                                                                          
15-MAR-98 9815                                                                                                                                                                                          
09-JUL-98 9809                                                                                                                                                                                          
29-JAN-00 0029                                                                                                                                                                                          
11-MAY-96 9611                                                                                                                                                                                          
24-MAR-98 9824                                                                                                                                                                                          
24-MAY-99 9924                                                                                                                                                                                          
17-SEP-87 8717                                                                                                                                                                                          
17-FEB-96 9617                                                                                                                                                                                          
17-AUG-97 9717                                                                                                                                                                                          
07-JUN-94 9407                                                                                                                                                                                          
07-JUN-94 9407                                                                                                                                                                                          

20 rows selected.

SQL> REM 7 87-Jul-17
SQL> 
SQL> SELECT HIRE_DATE , SUBSTR(HIRE_DATE,-2)||INITCAP(SUBSTR(HIRE_DATE,4,5))||SUBSTR(HIRE_DATE,1,2) FROM EMPLOYEES;

HIRE_DATE SUBSTR(HIRE_DATE,-2)||INITCAP(SUBSTR                                                                                                                                                          
--------- ------------------------------------                                                                                                                                                          
17-JUL-87 87Jul-817                                                                                                                                                                                     
21-SEP-89 89Sep-821                                                                                                                                                                                     
13-JAN-93 93Jan-913                                                                                                                                                                                     
03-JAN-90 90Jan-903                                                                                                                                                                                     
21-MAY-91 91May-921                                                                                                                                                                                     
07-FEB-99 99Feb-907                                                                                                                                                                                     
16-NOV-99 99Nov-916                                                                                                                                                                                     
17-OCT-95 95Oct-917                                                                                                                                                                                     
29-JAN-97 97Jan-929                                                                                                                                                                                     
15-MAR-98 98Mar-915                                                                                                                                                                                     
09-JUL-98 98Jul-909                                                                                                                                                                                     
29-JAN-00 00Jan-029                                                                                                                                                                                     
11-MAY-96 96May-911                                                                                                                                                                                     
24-MAR-98 98Mar-924                                                                                                                                                                                     
24-MAY-99 99May-924                                                                                                                                                                                     
17-SEP-87 87Sep-817                                                                                                                                                                                     
17-FEB-96 96Feb-917                                                                                                                                                                                     
17-AUG-97 97Aug-917                                                                                                                                                                                     
07-JUN-94 94Jun-907                                                                                                                                                                                     
07-JUN-94 94Jun-907                                                                                                                                                                                     

20 rows selected.

SQL> SELECT HIRE_DATE , SUBSTR(HIRE_DATE,-2)||INITCAP(SUBSTR(HIRE_DATE,3,5))||SUBSTR(HIRE_DATE,1,2) FROM EMPLOYEES;

HIRE_DATE SUBSTR(HIRE_DATE,-2)||INITCAP(SUBSTR                                                                                                                                                          
--------- ------------------------------------                                                                                                                                                          
17-JUL-87 87-Jul-17                                                                                                                                                                                     
21-SEP-89 89-Sep-21                                                                                                                                                                                     
13-JAN-93 93-Jan-13                                                                                                                                                                                     
03-JAN-90 90-Jan-03                                                                                                                                                                                     
21-MAY-91 91-May-21                                                                                                                                                                                     
07-FEB-99 99-Feb-07                                                                                                                                                                                     
16-NOV-99 99-Nov-16                                                                                                                                                                                     
17-OCT-95 95-Oct-17                                                                                                                                                                                     
29-JAN-97 97-Jan-29                                                                                                                                                                                     
15-MAR-98 98-Mar-15                                                                                                                                                                                     
09-JUL-98 98-Jul-09                                                                                                                                                                                     
29-JAN-00 00-Jan-29                                                                                                                                                                                     
11-MAY-96 96-May-11                                                                                                                                                                                     
24-MAR-98 98-Mar-24                                                                                                                                                                                     
24-MAY-99 99-May-24                                                                                                                                                                                     
17-SEP-87 87-Sep-17                                                                                                                                                                                     
17-FEB-96 96-Feb-17                                                                                                                                                                                     
17-AUG-97 97-Aug-17                                                                                                                                                                                     
07-JUN-94 94-Jun-07                                                                                                                                                                                     
07-JUN-94 94-Jun-07                                                                                                                                                                                     

20 rows selected.

SQL> REM 8 87\jUl/17
SQL> 
SQL> SELECT HIRE_DATE , SUBSTR(HIRE_DATE,-2)||'\'||TRANSLATE(SUBSTR(LOWER(HIRE_DATE),4,3),'aeiou','AEIOU')||'/'||SUBSTR(HIRE_DATE,1,2) FROM EMPLOYEES;

HIRE_DATE SUBSTR(HIRE_DATE,-2)||'\'||TRA                                                                                                                                                                
--------- ------------------------------                                                                                                                                                                
17-JUL-87 87\jUl/17                                                                                                                                                                                     
21-SEP-89 89\sEp/21                                                                                                                                                                                     
13-JAN-93 93\jAn/13                                                                                                                                                                                     
03-JAN-90 90\jAn/03                                                                                                                                                                                     
21-MAY-91 91\mAy/21                                                                                                                                                                                     
07-FEB-99 99\fEb/07                                                                                                                                                                                     
16-NOV-99 99\nOv/16                                                                                                                                                                                     
17-OCT-95 95\Oct/17                                                                                                                                                                                     
29-JAN-97 97\jAn/29                                                                                                                                                                                     
15-MAR-98 98\mAr/15                                                                                                                                                                                     
09-JUL-98 98\jUl/09                                                                                                                                                                                     
29-JAN-00 00\jAn/29                                                                                                                                                                                     
11-MAY-96 96\mAy/11                                                                                                                                                                                     
24-MAR-98 98\mAr/24                                                                                                                                                                                     
24-MAY-99 99\mAy/24                                                                                                                                                                                     
17-SEP-87 87\sEp/17                                                                                                                                                                                     
17-FEB-96 96\fEb/17                                                                                                                                                                                     
17-AUG-97 97\AUg/17                                                                                                                                                                                     
07-JUN-94 94\jUn/07                                                                                                                                                                                     
07-JUN-94 94\jUn/07                                                                                                                                                                                     

20 rows selected.

SQL> SPOOL OFF
