SQL> 
SQL> SELECT HIRE_DATE FROM EMPLOYEES;
SELECT HIRE_DATE FROM EMPLOYEES
                      *
ERROR at line 1:
ORA-00942: table or view does not exist 


SQL> CONN SCOTT/TIGER
Connected.
SQL> 
SQL> SELECT HIRE_DATE FROM EMPLOYEES;

HIRE_DATE                                                                                                                                                                                               
---------                                                                                                                                                                                               
17-JUL-87                                                                                                                                                                                               
21-SEP-89                                                                                                                                                                                               
13-JAN-93                                                                                                                                                                                               
03-JAN-90                                                                                                                                                                                               
21-MAY-91                                                                                                                                                                                               
07-FEB-99                                                                                                                                                                                               
16-NOV-99                                                                                                                                                                                               
17-OCT-95                                                                                                                                                                                               
29-JAN-97                                                                                                                                                                                               
15-MAR-98                                                                                                                                                                                               
09-JUL-98                                                                                                                                                                                               
29-JAN-00                                                                                                                                                                                               
11-MAY-96                                                                                                                                                                                               
24-MAR-98                                                                                                                                                                                               
24-MAY-99                                                                                                                                                                                               
17-SEP-87                                                                                                                                                                                               
17-FEB-96                                                                                                                                                                                               
17-AUG-97                                                                                                                                                                                               
07-JUN-94                                                                                                                                                                                               
07-JUN-94                                                                                                                                                                                               

20 rows selected.

SQL> REM ---17-JUL-87+++
SQL> REM ---21-SEP-89+++
SQL> 
SQL> 
SQL> REM 1 || 2 CONCAT 3 CONCAT || 4 RPAD LPAD 5 RPAD 6 LPAD
SQL> 
SQL> SELECT '---' || HIRE_DATE || '+++' FROM EMPLOYEES;

'---'||HIRE_DATE||'+++'                                                                                                                                                                                 
------------------------                                                                                                                                                                                
---17-JUL-87+++                                                                                                                                                                                         
---21-SEP-89+++                                                                                                                                                                                         
---13-JAN-93+++                                                                                                                                                                                         
---03-JAN-90+++                                                                                                                                                                                         
---21-MAY-91+++                                                                                                                                                                                         
---07-FEB-99+++                                                                                                                                                                                         
---16-NOV-99+++                                                                                                                                                                                         
---17-OCT-95+++                                                                                                                                                                                         
---29-JAN-97+++                                                                                                                                                                                         
---15-MAR-98+++                                                                                                                                                                                         
---09-JUL-98+++                                                                                                                                                                                         
---29-JAN-00+++                                                                                                                                                                                         
---11-MAY-96+++                                                                                                                                                                                         
---24-MAR-98+++                                                                                                                                                                                         
---24-MAY-99+++                                                                                                                                                                                         
---17-SEP-87+++                                                                                                                                                                                         
---17-FEB-96+++                                                                                                                                                                                         
---17-AUG-97+++                                                                                                                                                                                         
---07-JUN-94+++                                                                                                                                                                                         
---07-JUN-94+++                                                                                                                                                                                         

20 rows selected.

SQL> SELECT CONCAT(CONCAT('---' , HIRE_DATE), '+++') FROM EMPLOYEES;

CONCAT(CONCAT('---',HIRE                                                                                                                                                                                
------------------------                                                                                                                                                                                
---17-JUL-87+++                                                                                                                                                                                         
---21-SEP-89+++                                                                                                                                                                                         
---13-JAN-93+++                                                                                                                                                                                         
---03-JAN-90+++                                                                                                                                                                                         
---21-MAY-91+++                                                                                                                                                                                         
---07-FEB-99+++                                                                                                                                                                                         
---16-NOV-99+++                                                                                                                                                                                         
---17-OCT-95+++                                                                                                                                                                                         
---29-JAN-97+++                                                                                                                                                                                         
---15-MAR-98+++                                                                                                                                                                                         
---09-JUL-98+++                                                                                                                                                                                         
---29-JAN-00+++                                                                                                                                                                                         
---11-MAY-96+++                                                                                                                                                                                         
---24-MAR-98+++                                                                                                                                                                                         
---24-MAY-99+++                                                                                                                                                                                         
---17-SEP-87+++                                                                                                                                                                                         
---17-FEB-96+++                                                                                                                                                                                         
---17-AUG-97+++                                                                                                                                                                                         
---07-JUN-94+++                                                                                                                                                                                         
---07-JUN-94+++                                                                                                                                                                                         

20 rows selected.

SQL> SELECT CONCAT('---' , HIRE_DATE) || '+++' FROM EMPLOYEES;

CONCAT('---',HIRE_DATE)|                                                                                                                                                                                
------------------------                                                                                                                                                                                
---17-JUL-87+++                                                                                                                                                                                         
---21-SEP-89+++                                                                                                                                                                                         
---13-JAN-93+++                                                                                                                                                                                         
---03-JAN-90+++                                                                                                                                                                                         
---21-MAY-91+++                                                                                                                                                                                         
---07-FEB-99+++                                                                                                                                                                                         
---16-NOV-99+++                                                                                                                                                                                         
---17-OCT-95+++                                                                                                                                                                                         
---29-JAN-97+++                                                                                                                                                                                         
---15-MAR-98+++                                                                                                                                                                                         
---09-JUL-98+++                                                                                                                                                                                         
---29-JAN-00+++                                                                                                                                                                                         
---11-MAY-96+++                                                                                                                                                                                         
---24-MAR-98+++                                                                                                                                                                                         
---24-MAY-99+++                                                                                                                                                                                         
---17-SEP-87+++                                                                                                                                                                                         
---17-FEB-96+++                                                                                                                                                                                         
---17-AUG-97+++                                                                                                                                                                                         
---07-JUN-94+++                                                                                                                                                                                         
---07-JUN-94+++                                                                                                                                                                                         

20 rows selected.

SQL> SELECT RPAD(LPAD(HIRE_DATE,12,'-'),15,'+') FROM EMPLOYEES;

RPAD(LPAD(HIRE_DATE,12,'-'),15,'+')                                                                                                                                                                     
------------------------------------------------------------                                                                                                                                            
---17-JUL-87+++                                                                                                                                                                                         
---21-SEP-89+++                                                                                                                                                                                         
---13-JAN-93+++                                                                                                                                                                                         
---03-JAN-90+++                                                                                                                                                                                         
---21-MAY-91+++                                                                                                                                                                                         
---07-FEB-99+++                                                                                                                                                                                         
---16-NOV-99+++                                                                                                                                                                                         
---17-OCT-95+++                                                                                                                                                                                         
---29-JAN-97+++                                                                                                                                                                                         
---15-MAR-98+++                                                                                                                                                                                         
---09-JUL-98+++                                                                                                                                                                                         
---29-JAN-00+++                                                                                                                                                                                         
---11-MAY-96+++                                                                                                                                                                                         
---24-MAR-98+++                                                                                                                                                                                         
---24-MAY-99+++                                                                                                                                                                                         
---17-SEP-87+++                                                                                                                                                                                         
---17-FEB-96+++                                                                                                                                                                                         
---17-AUG-97+++                                                                                                                                                                                         
---07-JUN-94+++                                                                                                                                                                                         
---07-JUN-94+++                                                                                                                                                                                         

20 rows selected.

SQL> SELECT LPAD(HIRE_DATE,12,'-') FROM EMPLOYEES;

LPAD(HIRE_DATE,12,'-')                                                                                                                                                                                  
------------------------------------------------                                                                                                                                                        
---17-JUL-87                                                                                                                                                                                            
---21-SEP-89                                                                                                                                                                                            
---13-JAN-93                                                                                                                                                                                            
---03-JAN-90                                                                                                                                                                                            
---21-MAY-91                                                                                                                                                                                            
---07-FEB-99                                                                                                                                                                                            
---16-NOV-99                                                                                                                                                                                            
---17-OCT-95                                                                                                                                                                                            
---29-JAN-97                                                                                                                                                                                            
---15-MAR-98                                                                                                                                                                                            
---09-JUL-98                                                                                                                                                                                            
---29-JAN-00                                                                                                                                                                                            
---11-MAY-96                                                                                                                                                                                            
---24-MAR-98                                                                                                                                                                                            
---24-MAY-99                                                                                                                                                                                            
---17-SEP-87                                                                                                                                                                                            
---17-FEB-96                                                                                                                                                                                            
---17-AUG-97                                                                                                                                                                                            
---07-JUN-94                                                                                                                                                                                            
---07-JUN-94                                                                                                                                                                                            

20 rows selected.

SQL> SELECT RPAD('+++',15,LPAD(HIRE_DATE,12,'-')) FROM EMPLOYEES;

RPAD('+++',15,LPAD(HIRE_DATE,12,'-'))                                                                                                                                                                   
------------------------------------------------------------                                                                                                                                            
+++---17-JUL-87                                                                                                                                                                                         
+++---21-SEP-89                                                                                                                                                                                         
+++---13-JAN-93                                                                                                                                                                                         
+++---03-JAN-90                                                                                                                                                                                         
+++---21-MAY-91                                                                                                                                                                                         
+++---07-FEB-99                                                                                                                                                                                         
+++---16-NOV-99                                                                                                                                                                                         
+++---17-OCT-95                                                                                                                                                                                         
+++---29-JAN-97                                                                                                                                                                                         
+++---15-MAR-98                                                                                                                                                                                         
+++---09-JUL-98                                                                                                                                                                                         
+++---29-JAN-00                                                                                                                                                                                         
+++---11-MAY-96                                                                                                                                                                                         
+++---24-MAR-98                                                                                                                                                                                         
+++---24-MAY-99                                                                                                                                                                                         
+++---17-SEP-87                                                                                                                                                                                         
+++---17-FEB-96                                                                                                                                                                                         
+++---17-AUG-97                                                                                                                                                                                         
+++---07-JUN-94                                                                                                                                                                                         
+++---07-JUN-94                                                                                                                                                                                         

20 rows selected.

SQL> SELECT LPAD('+++',15,LPAD(HIRE_DATE,12,'-')) FROM EMPLOYEES;

LPAD('+++',15,LPAD(HIRE_DATE,12,'-'))                                                                                                                                                                   
------------------------------------------------------------                                                                                                                                            
---17-JUL-87+++                                                                                                                                                                                         
---21-SEP-89+++                                                                                                                                                                                         
---13-JAN-93+++                                                                                                                                                                                         
---03-JAN-90+++                                                                                                                                                                                         
---21-MAY-91+++                                                                                                                                                                                         
---07-FEB-99+++                                                                                                                                                                                         
---16-NOV-99+++                                                                                                                                                                                         
---17-OCT-95+++                                                                                                                                                                                         
---29-JAN-97+++                                                                                                                                                                                         
---15-MAR-98+++                                                                                                                                                                                         
---09-JUL-98+++                                                                                                                                                                                         
---29-JAN-00+++                                                                                                                                                                                         
---11-MAY-96+++                                                                                                                                                                                         
---24-MAR-98+++                                                                                                                                                                                         
---24-MAY-99+++                                                                                                                                                                                         
---17-SEP-87+++                                                                                                                                                                                         
---17-FEB-96+++                                                                                                                                                                                         
---17-AUG-97+++                                                                                                                                                                                         
---07-JUN-94+++                                                                                                                                                                                         
---07-JUN-94+++                                                                                                                                                                                         

20 rows selected.

SQL> SELECT RPAD(HIRE_DATE,12,'+') FROM EMPLOYEES;

RPAD(HIRE_DATE,12,'+')                                                                                                                                                                                  
------------------------------------------------                                                                                                                                                        
17-JUL-87+++                                                                                                                                                                                            
21-SEP-89+++                                                                                                                                                                                            
13-JAN-93+++                                                                                                                                                                                            
03-JAN-90+++                                                                                                                                                                                            
21-MAY-91+++                                                                                                                                                                                            
07-FEB-99+++                                                                                                                                                                                            
16-NOV-99+++                                                                                                                                                                                            
17-OCT-95+++                                                                                                                                                                                            
29-JAN-97+++                                                                                                                                                                                            
15-MAR-98+++                                                                                                                                                                                            
09-JUL-98+++                                                                                                                                                                                            
29-JAN-00+++                                                                                                                                                                                            
11-MAY-96+++                                                                                                                                                                                            
24-MAR-98+++                                                                                                                                                                                            
24-MAY-99+++                                                                                                                                                                                            
17-SEP-87+++                                                                                                                                                                                            
17-FEB-96+++                                                                                                                                                                                            
17-AUG-97+++                                                                                                                                                                                            
07-JUN-94+++                                                                                                                                                                                            
07-JUN-94+++                                                                                                                                                                                            

20 rows selected.

SQL> SELECT RPAD('---',15,RPAD(HIRE_DATE,12,'+')) FROM EMPLOYEES;

RPAD('---',15,RPAD(HIRE_DATE,12,'+'))                                                                                                                                                                   
------------------------------------------------------------                                                                                                                                            
---17-JUL-87+++                                                                                                                                                                                         
---21-SEP-89+++                                                                                                                                                                                         
---13-JAN-93+++                                                                                                                                                                                         
---03-JAN-90+++                                                                                                                                                                                         
---21-MAY-91+++                                                                                                                                                                                         
---07-FEB-99+++                                                                                                                                                                                         
---16-NOV-99+++                                                                                                                                                                                         
---17-OCT-95+++                                                                                                                                                                                         
---29-JAN-97+++                                                                                                                                                                                         
---15-MAR-98+++                                                                                                                                                                                         
---09-JUL-98+++                                                                                                                                                                                         
---29-JAN-00+++                                                                                                                                                                                         
---11-MAY-96+++                                                                                                                                                                                         
---24-MAR-98+++                                                                                                                                                                                         
---24-MAY-99+++                                                                                                                                                                                         
---17-SEP-87+++                                                                                                                                                                                         
---17-FEB-96+++                                                                                                                                                                                         
---17-AUG-97+++                                                                                                                                                                                         
---07-JUN-94+++                                                                                                                                                                                         
---07-JUN-94+++                                                                                                                                                                                         

20 rows selected.

SQL> REM LTRIM : TO REMOVE SOME CHARACTERS OR CHARACTER COMBINATIONS FROM LEFT OF THE FIRST INPUT.
SQL> 
SQL> SELECT HIRE_DATE , LTRIM(HIRE_DATE,'012') FROM EMPLOYEES;

HIRE_DATE LTRIM(HIRE_DATE,'0                                                                                                                                                                            
--------- ------------------                                                                                                                                                                            
17-JUL-87 7-JUL-87                                                                                                                                                                                      
21-SEP-89 -SEP-89                                                                                                                                                                                       
13-JAN-93 3-JAN-93                                                                                                                                                                                      
03-JAN-90 3-JAN-90                                                                                                                                                                                      
21-MAY-91 -MAY-91                                                                                                                                                                                       
07-FEB-99 7-FEB-99                                                                                                                                                                                      
16-NOV-99 6-NOV-99                                                                                                                                                                                      
17-OCT-95 7-OCT-95                                                                                                                                                                                      
29-JAN-97 9-JAN-97                                                                                                                                                                                      
15-MAR-98 5-MAR-98                                                                                                                                                                                      
09-JUL-98 9-JUL-98                                                                                                                                                                                      
29-JAN-00 9-JAN-00                                                                                                                                                                                      
11-MAY-96 -MAY-96                                                                                                                                                                                       
24-MAR-98 4-MAR-98                                                                                                                                                                                      
24-MAY-99 4-MAY-99                                                                                                                                                                                      
17-SEP-87 7-SEP-87                                                                                                                                                                                      
17-FEB-96 7-FEB-96                                                                                                                                                                                      
17-AUG-97 7-AUG-97                                                                                                                                                                                      
07-JUN-94 7-JUN-94                                                                                                                                                                                      
07-JUN-94 7-JUN-94                                                                                                                                                                                      

20 rows selected.

SQL> REM JUL-87
SQL> REM SEP-89
SQL> 
SQL> 
SQL> 
SQL> SELECT HIRE_DATE , LTRIM(HIRE_DATE,'1234567890-') FROM EMPLOYEES;

HIRE_DATE LTRIM(HIRE_DATE,'1                                                                                                                                                                            
--------- ------------------                                                                                                                                                                            
17-JUL-87 JUL-87                                                                                                                                                                                        
21-SEP-89 SEP-89                                                                                                                                                                                        
13-JAN-93 JAN-93                                                                                                                                                                                        
03-JAN-90 JAN-90                                                                                                                                                                                        
21-MAY-91 MAY-91                                                                                                                                                                                        
07-FEB-99 FEB-99                                                                                                                                                                                        
16-NOV-99 NOV-99                                                                                                                                                                                        
17-OCT-95 OCT-95                                                                                                                                                                                        
29-JAN-97 JAN-97                                                                                                                                                                                        
15-MAR-98 MAR-98                                                                                                                                                                                        
09-JUL-98 JUL-98                                                                                                                                                                                        
29-JAN-00 JAN-00                                                                                                                                                                                        
11-MAY-96 MAY-96                                                                                                                                                                                        
24-MAR-98 MAR-98                                                                                                                                                                                        
24-MAY-99 MAY-99                                                                                                                                                                                        
17-SEP-87 SEP-87                                                                                                                                                                                        
17-FEB-96 FEB-96                                                                                                                                                                                        
17-AUG-97 AUG-97                                                                                                                                                                                        
07-JUN-94 JUN-94                                                                                                                                                                                        
07-JUN-94 JUN-94                                                                                                                                                                                        

20 rows selected.

SQL> REM VOWELS : AEIOU  aeiou
SQL> 
SQL> REM FIRST_NAME LEFT : CONSONENT REMOVE
SQL> 
SQL> SELECT FIRST_NAME , LTRIM(FIRST_NAME,'QWRTYPSDFGHJKLZXCVBNMqwrtypsdfghjklzxcvbnm') FROM EMPLOYEES;

FIRST_NAME      LTRIM(FIRST_NAM                                                                                                                                                                         
--------------- ---------------                                                                                                                                                                         
Steven          even                                                                                                                                                                                    
Neena           eena                                                                                                                                                                                    
Lex             ex                                                                                                                                                                                      
Alexander       Alexander                                                                                                                                                                               
Bruce           uce                                                                                                                                                                                     
Diana           iana                                                                                                                                                                                    
Kevin           evin                                                                                                                                                                                    
Trenna          enna                                                                                                                                                                                    
Curtis          urtis                                                                                                                                                                                   
Randall         andall                                                                                                                                                                                  
Peter           eter                                                                                                                                                                                    
Eleni           Eleni                                                                                                                                                                                   
Ellen           Ellen                                                                                                                                                                                   
Jonathon        onathon                                                                                                                                                                                 
Kimerely        imerely                                                                                                                                                                                 
Jennifer        ennifer                                                                                                                                                                                 
Michael         ichael                                                                                                                                                                                  
Pat             at                                                                                                                                                                                      
Shelley         elley                                                                                                                                                                                   
William         illiam                                                                                                                                                                                  

20 rows selected.

SQL> REM LAST_NAME : RIGHT VOWEL REMOVE
SQL> 
SQL> REM RTRIM : TO REMOVE SOME CHARACTERS OR CHARACTER COMBINATIONS FROM RIGHT OF THE FIRST INPUT.
SQL> 
SQL> SELECT HIRE_DATE , RTRIM(HIRE_DATE,'789') FROM EMPLOYEES;

HIRE_DATE RTRIM(HIRE_DATE,'7                                                                                                                                                                            
--------- ------------------                                                                                                                                                                            
17-JUL-87 17-JUL-                                                                                                                                                                                       
21-SEP-89 21-SEP-                                                                                                                                                                                       
13-JAN-93 13-JAN-93                                                                                                                                                                                     
03-JAN-90 03-JAN-90                                                                                                                                                                                     
21-MAY-91 21-MAY-91                                                                                                                                                                                     
07-FEB-99 07-FEB-                                                                                                                                                                                       
16-NOV-99 16-NOV-                                                                                                                                                                                       
17-OCT-95 17-OCT-95                                                                                                                                                                                     
29-JAN-97 29-JAN-                                                                                                                                                                                       
15-MAR-98 15-MAR-                                                                                                                                                                                       
09-JUL-98 09-JUL-                                                                                                                                                                                       
29-JAN-00 29-JAN-00                                                                                                                                                                                     
11-MAY-96 11-MAY-96                                                                                                                                                                                     
24-MAR-98 24-MAR-                                                                                                                                                                                       
24-MAY-99 24-MAY-                                                                                                                                                                                       
17-SEP-87 17-SEP-                                                                                                                                                                                       
17-FEB-96 17-FEB-96                                                                                                                                                                                     
17-AUG-97 17-AUG-                                                                                                                                                                                       
07-JUN-94 07-JUN-94                                                                                                                                                                                     
07-JUN-94 07-JUN-94                                                                                                                                                                                     

20 rows selected.

SQL> SELECT last_NAME , rTRIM(last_NAME,'AEIOUaeiou') FROM EMPLOYEES ;

LAST_NAME       RTRIM(LAST_NAME                                                                                                                                                                         
--------------- ---------------                                                                                                                                                                         
King            King                                                                                                                                                                                    
Kochhar         Kochhar                                                                                                                                                                                 
De Haan         De Haan                                                                                                                                                                                 
Hunold          Hunold                                                                                                                                                                                  
Ernst           Ernst                                                                                                                                                                                   
Lorentz         Lorentz                                                                                                                                                                                 
Mourgos         Mourgos                                                                                                                                                                                 
Rajs            Rajs                                                                                                                                                                                    
Davies          Davies                                                                                                                                                                                  
Matos           Matos                                                                                                                                                                                   
Vargas          Vargas                                                                                                                                                                                  
Zlotkey         Zlotkey                                                                                                                                                                                 
Abel            Abel                                                                                                                                                                                    
Taylor          Taylor                                                                                                                                                                                  
Grant           Grant                                                                                                                                                                                   
Whalen          Whalen                                                                                                                                                                                  
Hartstein       Hartstein                                                                                                                                                                               
Fay             Fay                                                                                                                                                                                     
Higgins         Higgins                                                                                                                                                                                 
Gietz           Gietz                                                                                                                                                                                   

20 rows selected.

SQL> SELECT FIRst_NAME , rTRIM(FIRst_NAME,'AEIOUaeiou') FROM EMPLOYEES ;

FIRST_NAME      RTRIM(FIRST_NAM                                                                                                                                                                         
--------------- ---------------                                                                                                                                                                         
Steven          Steven                                                                                                                                                                                  
Neena           Neen                                                                                                                                                                                    
Lex             Lex                                                                                                                                                                                     
Alexander       Alexander                                                                                                                                                                               
Bruce           Bruc                                                                                                                                                                                    
Diana           Dian                                                                                                                                                                                    
Kevin           Kevin                                                                                                                                                                                   
Trenna          Trenn                                                                                                                                                                                   
Curtis          Curtis                                                                                                                                                                                  
Randall         Randall                                                                                                                                                                                 
Peter           Peter                                                                                                                                                                                   
Eleni           Elen                                                                                                                                                                                    
Ellen           Ellen                                                                                                                                                                                   
Jonathon        Jonathon                                                                                                                                                                                
Kimerely        Kimerely                                                                                                                                                                                
Jennifer        Jennifer                                                                                                                                                                                
Michael         Michael                                                                                                                                                                                 
Pat             Pat                                                                                                                                                                                     
Shelley         Shelley                                                                                                                                                                                 
William         William                                                                                                                                                                                 

20 rows selected.

SQL> REM DISPLAY THOSE FIRST_NAME WHICH ENDS WITH ANY VOWEL.
SQL> 
SQL> SELECT FIRST_NAME FROM EMPLOYEES WHERE FIRST_NAME <> RTRIM(FIRST_NAME,'AEIOUaeiou');

FIRST_NAME                                                                                                                                                                                              
---------------                                                                                                                                                                                         
Neena                                                                                                                                                                                                   
Bruce                                                                                                                                                                                                   
Diana                                                                                                                                                                                                   
Trenna                                                                                                                                                                                                  
Eleni                                                                                                                                                                                                   

SQL> SELECT HIRE_DATE FROM EMPLOYEES;

HIRE_DATE                                                                                                                                                                                               
---------                                                                                                                                                                                               
17-JUL-87                                                                                                                                                                                               
21-SEP-89                                                                                                                                                                                               
13-JAN-93                                                                                                                                                                                               
03-JAN-90                                                                                                                                                                                               
21-MAY-91                                                                                                                                                                                               
07-FEB-99                                                                                                                                                                                               
16-NOV-99                                                                                                                                                                                               
17-OCT-95                                                                                                                                                                                               
29-JAN-97                                                                                                                                                                                               
15-MAR-98                                                                                                                                                                                               
09-JUL-98                                                                                                                                                                                               
29-JAN-00                                                                                                                                                                                               
11-MAY-96                                                                                                                                                                                               
24-MAR-98                                                                                                                                                                                               
24-MAY-99                                                                                                                                                                                               
17-SEP-87                                                                                                                                                                                               
17-FEB-96                                                                                                                                                                                               
17-AUG-97                                                                                                                                                                                               
07-JUN-94                                                                                                                                                                                               
07-JUN-94                                                                                                                                                                                               

20 rows selected.

SQL> REM JUL
SQL> REM SEP
SQL> REM JAN
SQL> 
SQL> 
SQL> SELECT HIRE_DATE , LTRIM(HIRE_DATE,'1234567890-') FROM EMPLOYEES;

HIRE_DATE LTRIM(HIRE_DATE,'1                                                                                                                                                                            
--------- ------------------                                                                                                                                                                            
17-JUL-87 JUL-87                                                                                                                                                                                        
21-SEP-89 SEP-89                                                                                                                                                                                        
13-JAN-93 JAN-93                                                                                                                                                                                        
03-JAN-90 JAN-90                                                                                                                                                                                        
21-MAY-91 MAY-91                                                                                                                                                                                        
07-FEB-99 FEB-99                                                                                                                                                                                        
16-NOV-99 NOV-99                                                                                                                                                                                        
17-OCT-95 OCT-95                                                                                                                                                                                        
29-JAN-97 JAN-97                                                                                                                                                                                        
15-MAR-98 MAR-98                                                                                                                                                                                        
09-JUL-98 JUL-98                                                                                                                                                                                        
29-JAN-00 JAN-00                                                                                                                                                                                        
11-MAY-96 MAY-96                                                                                                                                                                                        
24-MAR-98 MAR-98                                                                                                                                                                                        
24-MAY-99 MAY-99                                                                                                                                                                                        
17-SEP-87 SEP-87                                                                                                                                                                                        
17-FEB-96 FEB-96                                                                                                                                                                                        
17-AUG-97 AUG-97                                                                                                                                                                                        
07-JUN-94 JUN-94                                                                                                                                                                                        
07-JUN-94 JUN-94                                                                                                                                                                                        

20 rows selected.

SQL> SELECT HIRE_DATE , RTRIM(LTRIM(HIRE_DATE,'1234567890-'),'1234567890-') FROM EMPLOYEES;

HIRE_DATE RTRIM(LTRIM(HIRE_D                                                                                                                                                                            
--------- ------------------                                                                                                                                                                            
17-JUL-87 JUL                                                                                                                                                                                           
21-SEP-89 SEP                                                                                                                                                                                           
13-JAN-93 JAN                                                                                                                                                                                           
03-JAN-90 JAN                                                                                                                                                                                           
21-MAY-91 MAY                                                                                                                                                                                           
07-FEB-99 FEB                                                                                                                                                                                           
16-NOV-99 NOV                                                                                                                                                                                           
17-OCT-95 OCT                                                                                                                                                                                           
29-JAN-97 JAN                                                                                                                                                                                           
15-MAR-98 MAR                                                                                                                                                                                           
09-JUL-98 JUL                                                                                                                                                                                           
29-JAN-00 JAN                                                                                                                                                                                           
11-MAY-96 MAY                                                                                                                                                                                           
24-MAR-98 MAR                                                                                                                                                                                           
24-MAY-99 MAY                                                                                                                                                                                           
17-SEP-87 SEP                                                                                                                                                                                           
17-FEB-96 FEB                                                                                                                                                                                           
17-AUG-97 AUG                                                                                                                                                                                           
07-JUN-94 JUN                                                                                                                                                                                           
07-JUN-94 JUN                                                                                                                                                                                           

20 rows selected.

SQL> SELECT HIRE_DATE , LTRIM(RTRIM(HIRE_DATE,'1234567890-'),'1234567890-') FROM EMPLOYEES;

HIRE_DATE LTRIM(RTRIM(HIRE_D                                                                                                                                                                            
--------- ------------------                                                                                                                                                                            
17-JUL-87 JUL                                                                                                                                                                                           
21-SEP-89 SEP                                                                                                                                                                                           
13-JAN-93 JAN                                                                                                                                                                                           
03-JAN-90 JAN                                                                                                                                                                                           
21-MAY-91 MAY                                                                                                                                                                                           
07-FEB-99 FEB                                                                                                                                                                                           
16-NOV-99 NOV                                                                                                                                                                                           
17-OCT-95 OCT                                                                                                                                                                                           
29-JAN-97 JAN                                                                                                                                                                                           
15-MAR-98 MAR                                                                                                                                                                                           
09-JUL-98 JUL                                                                                                                                                                                           
29-JAN-00 JAN                                                                                                                                                                                           
11-MAY-96 MAY                                                                                                                                                                                           
24-MAR-98 MAR                                                                                                                                                                                           
24-MAY-99 MAY                                                                                                                                                                                           
17-SEP-87 SEP                                                                                                                                                                                           
17-FEB-96 FEB                                                                                                                                                                                           
17-AUG-97 AUG                                                                                                                                                                                           
07-JUN-94 JUN                                                                                                                                                                                           
07-JUN-94 JUN                                                                                                                                                                                           

20 rows selected.

SQL> REM Jul-87
SQL> REM Sep-89
SQL> 
SQL> SELECT HIRE_DATE , LTRIM(HIRE_DATE,'1234567890-') FROM EMPLOYEES;

HIRE_DATE LTRIM(HIRE_DATE,'1                                                                                                                                                                            
--------- ------------------                                                                                                                                                                            
17-JUL-87 JUL-87                                                                                                                                                                                        
21-SEP-89 SEP-89                                                                                                                                                                                        
13-JAN-93 JAN-93                                                                                                                                                                                        
03-JAN-90 JAN-90                                                                                                                                                                                        
21-MAY-91 MAY-91                                                                                                                                                                                        
07-FEB-99 FEB-99                                                                                                                                                                                        
16-NOV-99 NOV-99                                                                                                                                                                                        
17-OCT-95 OCT-95                                                                                                                                                                                        
29-JAN-97 JAN-97                                                                                                                                                                                        
15-MAR-98 MAR-98                                                                                                                                                                                        
09-JUL-98 JUL-98                                                                                                                                                                                        
29-JAN-00 JAN-00                                                                                                                                                                                        
11-MAY-96 MAY-96                                                                                                                                                                                        
24-MAR-98 MAR-98                                                                                                                                                                                        
24-MAY-99 MAY-99                                                                                                                                                                                        
17-SEP-87 SEP-87                                                                                                                                                                                        
17-FEB-96 FEB-96                                                                                                                                                                                        
17-AUG-97 AUG-97                                                                                                                                                                                        
07-JUN-94 JUN-94                                                                                                                                                                                        
07-JUN-94 JUN-94                                                                                                                                                                                        

20 rows selected.

SQL> SELECT HIRE_DATE , INITCAP(LTRIM(HIRE_DATE,'1234567890-')) FROM EMPLOYEES;

HIRE_DATE INITCAP(LTRIM(HIRE                                                                                                                                                                            
--------- ------------------                                                                                                                                                                            
17-JUL-87 Jul-87                                                                                                                                                                                        
21-SEP-89 Sep-89                                                                                                                                                                                        
13-JAN-93 Jan-93                                                                                                                                                                                        
03-JAN-90 Jan-90                                                                                                                                                                                        
21-MAY-91 May-91                                                                                                                                                                                        
07-FEB-99 Feb-99                                                                                                                                                                                        
16-NOV-99 Nov-99                                                                                                                                                                                        
17-OCT-95 Oct-95                                                                                                                                                                                        
29-JAN-97 Jan-97                                                                                                                                                                                        
15-MAR-98 Mar-98                                                                                                                                                                                        
09-JUL-98 Jul-98                                                                                                                                                                                        
29-JAN-00 Jan-00                                                                                                                                                                                        
11-MAY-96 May-96                                                                                                                                                                                        
24-MAR-98 Mar-98                                                                                                                                                                                        
24-MAY-99 May-99                                                                                                                                                                                        
17-SEP-87 Sep-87                                                                                                                                                                                        
17-FEB-96 Feb-96                                                                                                                                                                                        
17-AUG-97 Aug-97                                                                                                                                                                                        
07-JUN-94 Jun-94                                                                                                                                                                                        
07-JUN-94 Jun-94                                                                                                                                                                                        

20 rows selected.

SQL> REM 17
SQL> REM 21
SQL> REM 13
SQL> 
SQL> SELECT HIRE_DATE , RTRIM(HIRE_DATE,'1234567890-') FROM EMPLOYEES;

HIRE_DATE RTRIM(HIRE_DATE,'1                                                                                                                                                                            
--------- ------------------                                                                                                                                                                            
17-JUL-87 17-JUL                                                                                                                                                                                        
21-SEP-89 21-SEP                                                                                                                                                                                        
13-JAN-93 13-JAN                                                                                                                                                                                        
03-JAN-90 03-JAN                                                                                                                                                                                        
21-MAY-91 21-MAY                                                                                                                                                                                        
07-FEB-99 07-FEB                                                                                                                                                                                        
16-NOV-99 16-NOV                                                                                                                                                                                        
17-OCT-95 17-OCT                                                                                                                                                                                        
29-JAN-97 29-JAN                                                                                                                                                                                        
15-MAR-98 15-MAR                                                                                                                                                                                        
09-JUL-98 09-JUL                                                                                                                                                                                        
29-JAN-00 29-JAN                                                                                                                                                                                        
11-MAY-96 11-MAY                                                                                                                                                                                        
24-MAR-98 24-MAR                                                                                                                                                                                        
24-MAY-99 24-MAY                                                                                                                                                                                        
17-SEP-87 17-SEP                                                                                                                                                                                        
17-FEB-96 17-FEB                                                                                                                                                                                        
17-AUG-97 17-AUG                                                                                                                                                                                        
07-JUN-94 07-JUN                                                                                                                                                                                        
07-JUN-94 07-JUN                                                                                                                                                                                        

20 rows selected.

SQL> SELECT HIRE_DATE , RTRIM(RTRIM(HIRE_DATE,'1234567890-'),'QWERTYUIOPASDFGHJKLZXCVBNM-') FROM EMPLOYEES;

HIRE_DATE RTRIM(RTRIM(HIRE_D                                                                                                                                                                            
--------- ------------------                                                                                                                                                                            
17-JUL-87 17                                                                                                                                                                                            
21-SEP-89 21                                                                                                                                                                                            
13-JAN-93 13                                                                                                                                                                                            
03-JAN-90 03                                                                                                                                                                                            
21-MAY-91 21                                                                                                                                                                                            
07-FEB-99 07                                                                                                                                                                                            
16-NOV-99 16                                                                                                                                                                                            
17-OCT-95 17                                                                                                                                                                                            
29-JAN-97 29                                                                                                                                                                                            
15-MAR-98 15                                                                                                                                                                                            
09-JUL-98 09                                                                                                                                                                                            
29-JAN-00 29                                                                                                                                                                                            
11-MAY-96 11                                                                                                                                                                                            
24-MAR-98 24                                                                                                                                                                                            
24-MAY-99 24                                                                                                                                                                                            
17-SEP-87 17                                                                                                                                                                                            
17-FEB-96 17                                                                                                                                                                                            
17-AUG-97 17                                                                                                                                                                                            
07-JUN-94 07                                                                                                                                                                                            
07-JUN-94 07                                                                                                                                                                                            

20 rows selected.

SQL> SELECT * FROM EMPLOYEES;

EMPLOYEE_ID FIRST_NAME      LAST_NAME       EMAIL      PHONE_NUMBER         HIRE_DATE JOB_ID         SALARY COMMISSION_PCT MANAGER_ID DEPARTMENT_ID                                                     
----------- --------------- --------------- ---------- -------------------- --------- ---------- ---------- -------------- ---------- -------------                                                     
        100 Steven          King            SKING      515.123.4567         17-JUL-87 AD_PRES         24000                                      90                                                     
        101 Neena           Kochhar         NKOCHHAR   515.123.4568         21-SEP-89 AD_VP           17000                       100            90                                                     
        102 Lex             De Haan         LDEHAAN    515.123.4569         13-JAN-93 AD_VP           17000                       100            90                                                     
        103 Alexander       Hunold          AHUNOLD    590.423.4567         03-JAN-90 IT_PROG          9000                       102            60                                                     
        104 Bruce           Ernst           BERNST     590.423.4568         21-MAY-91 IT_PROG          6000                       103            60                                                     
        107 Diana           Lorentz         DLORENTZ   590.423.5567         07-FEB-99 IT_PROG          4200                       103            60                                                     
        124 Kevin           Mourgos         KMOURGOS   650.123.5234         16-NOV-99 ST_MAN           5800                       100            50                                                     
        141 Trenna          Rajs            TRAJS      650.121.8009         17-OCT-95 ST_CLERK         3500                       124            50                                                     
        142 Curtis          Davies          CDAVIES    650.121.2994         29-JAN-97 ST_CLERK         3100                       124            50                                                     
        143 Randall         Matos           RMATOS     650.121.2874         15-MAR-98 ST_CLERK         2600                       124            50                                                     
        144 Peter           Vargas                     650.121.2004         09-JUL-98 ST_CLERK         2500                       124            50                                                     
        149 Eleni           Zlotkey         EZLOTKEY   011.44.1344.429018   29-JAN-00 SA_MAN          10500             .2        100            80                                                     
        174 Ellen           Abel            EABEL      011.44.1644.429267   11-MAY-96 SA_REP          11000             .3        149            80                                                     
        176 Jonathon        Taylor          JTAYLOR    011.44.1644.429265   24-MAR-98 SA_REP           8600             .3        149            80                                                     
        178 Kimerely        Grant           KGRANT     011.44.1644.429263   24-MAY-99 SA_REP           7000            .15        149                                                                   
        200 Jennifer        Whalen          JWHALEN    515.123.4444         17-SEP-87 AD_ASST          4400                       101            10                                                     
        201 Michael         Hartstein       MHARTSTE   515.123.5555         17-FEB-96 MK_MAN          13000                       100            20                                                     
        202 Pat             Fay             PFAY       603.123.6666         17-AUG-97 MK_REP           6000                       201            20                                                     
        205 Shelley         Higgins         SHIGGINS   515.123.8080         07-JUN-94 AC_MGR          12000                       101           110                                                     
        206 William         Gietz           WGIETZ     515.123.8181         07-JUN-94 AC_ACCOUNT       8300                       205           110                                                     

20 rows selected.

SQL> REM 1787
SQL> REM 2189
SQL> REM 1393
SQL> 
SQL> SELECT RTRIM(RTRIM(HIRE_DATE,'1234567890-'),'QWERTYUIOPASDFGHJKLZXCVBNM-')||
  2         LTRIM(LTRIM(HIRE_DATE,'1234567890-'),'QWERTYUIOPASDFGHJKLZXCVBNM-')
  3  FROM EMPLOYEES;

RTRIM(RTRIM(HIRE_DATE,'1234567890-')                                                                                                                                                                    
------------------------------------                                                                                                                                                                    
1787                                                                                                                                                                                                    
2189                                                                                                                                                                                                    
1393                                                                                                                                                                                                    
0390                                                                                                                                                                                                    
2191                                                                                                                                                                                                    
0799                                                                                                                                                                                                    
1699                                                                                                                                                                                                    
1795                                                                                                                                                                                                    
2997                                                                                                                                                                                                    
1598                                                                                                                                                                                                    
0998                                                                                                                                                                                                    
2900                                                                                                                                                                                                    
1196                                                                                                                                                                                                    
2498                                                                                                                                                                                                    
2499                                                                                                                                                                                                    
1787                                                                                                                                                                                                    
1796                                                                                                                                                                                                    
1797                                                                                                                                                                                                    
0794                                                                                                                                                                                                    
0794                                                                                                                                                                                                    

20 rows selected.

SQL> SPOOL OFF
