SQL> 
SQL> CL SCR

SQL> REM TOP n ANALYSIS :
SQL> 
SQL> REM TYPES OF TOP n ANALYSIS :
SQL> 
SQL> REM 1 DISPLAYING SOME ROWS FROM TOP OF THE TABLE
SQL> 
SQL> REM 2 DISPLAYING SOME ROWS FROM BOTTOM OF THE TABLE
SQL> 
SQL> REM 3 DISPLAYING SOME ROWS FROM MIDDLE OF THE TABLE
SQL> 
SQL> 
SQL> 
SQL> REM SELECT SYNTAX : SELECT ... FROM ... WHERE ... ORDER BY ... OFFSET ... FETCH ...;
SQL> 
SQL> 
SQL> 
SQL> 
SQL> REM 1 DISPLAYING SOME ROWS FROM TOP OF THE TABLE : FETCH ...
SQL> 
SQL> REM 2 DISPLAYING SOME ROWS FROM BOTTOM OF THE TABLE : OFFSET ...
SQL> 
SQL> REM 3 DISPLAYING SOME ROWS FROM MIDDLE OF THE TABLE : OFFSET ... FETCH ...
SQL> 
SQL> 
SQL> 
SQL> REM DISPLAY FIRST 6 ROWS OF EMPLOYEES TABLE
SQL> 
SQL> SET LINES 200 PAGES 24
SQL> 
SQL> SELECT * FROM EMPLOYEES;

EMPLOYEE_ID FIRST_NAME      LAST_NAME       EMAIL      PHONE_NUMBER         HIRE_DATE JOB_ID         SALARY COMMISSION_PCT MANAGER_ID DEPARTMENT_ID                                                     
----------- --------------- --------------- ---------- -------------------- --------- ---------- ---------- -------------- ---------- -------------                                                     
        100 Steven          King            SKING      515.123.4567         17-JUL-87 AD_PRES         24000                                      90                                                     
        101 Neena           Kochhar         NKOCHHAR   515.123.4568         21-SEP-89 AD_VP           17000                       100            90                                                     
        102 Lex             De Haan         LDEHAAN    515.123.4569         13-JAN-93 AD_VP           17000                       100            90                                                     
        103 Alexander       Hunold          AHUNOLD    590.423.4567         03-JAN-90 IT_PROG          9000                       102            60                                                     
        104 Bruce           Ernst           BERNST     590.423.4568         21-MAY-91 IT_PROG          6000                       103            60                                                     
        107 Diana           Lorentz         DLORENTZ   590.423.5567         07-FEB-99 IT_PROG          4200                       103            60                                                     
        124 Kevin           Mourgos         KMOURGOS   650.123.5234         16-NOV-99 ST_MAN           5800                       100            50                                                     
        141 Trenna          Rajs            TRAJS      650.121.8009         17-OCT-95 ST_CLERK         3500                       124            50                                                     
        142 Curtis          Davies          CDAVIES    650.121.2994         29-JAN-97 ST_CLERK         3100                       124            50                                                     
        143 Randall         Matos           RMATOS     650.121.2874         15-MAR-98 ST_CLERK         2600                       124            50                                                     
        144 Peter           Vargas                     650.121.2004         09-JUL-98 ST_CLERK         2500                       124            50                                                     
        149 Eleni           Zlotkey         EZLOTKEY   011.44.1344.429018   29-JAN-00 SA_MAN          10500             .2        100            80                                                     
        174 Ellen           Abel            EABEL      011.44.1644.429267   11-MAY-96 SA_REP          11000             .3        149            80                                                     
        176 Jonathon        Taylor          JTAYLOR    011.44.1644.429265   24-MAR-98 SA_REP           8600             .3        149            80                                                     
        178 Kimerely        Grant           KGRANT     011.44.1644.429263   24-MAY-99 SA_REP           7000            .15        149                                                                   
        200 Jennifer        Whalen          JWHALEN    515.123.4444         17-SEP-87 AD_ASST          4400                       101            10                                                     
        201 Michael         Hartstein       MHARTSTE   515.123.5555         17-FEB-96 MK_MAN          13000                       100            20                                                     
        202 Pat             Fay             PFAY       603.123.6666         17-AUG-97 MK_REP           6000                       201            20                                                     
        205 Shelley         Higgins         SHIGGINS   515.123.8080         07-JUN-94 AC_MGR          12000                       101           110                                                     
        206 William         Gietz           WGIETZ     515.123.8181         07-JUN-94 AC_ACCOUNT       8300                       205           110                                                     

20 rows selected.

SQL> SELECT * FROM EMPLOYEES FETCH FIRST 6 ROWS ONLY;

EMPLOYEE_ID FIRST_NAME      LAST_NAME       EMAIL      PHONE_NUMBER         HIRE_DATE JOB_ID         SALARY COMMISSION_PCT MANAGER_ID DEPARTMENT_ID                                                     
----------- --------------- --------------- ---------- -------------------- --------- ---------- ---------- -------------- ---------- -------------                                                     
        100 Steven          King            SKING      515.123.4567         17-JUL-87 AD_PRES         24000                                      90                                                     
        101 Neena           Kochhar         NKOCHHAR   515.123.4568         21-SEP-89 AD_VP           17000                       100            90                                                     
        102 Lex             De Haan         LDEHAAN    515.123.4569         13-JAN-93 AD_VP           17000                       100            90                                                     
        103 Alexander       Hunold          AHUNOLD    590.423.4567         03-JAN-90 IT_PROG          9000                       102            60                                                     
        104 Bruce           Ernst           BERNST     590.423.4568         21-MAY-91 IT_PROG          6000                       103            60                                                     
        107 Diana           Lorentz         DLORENTZ   590.423.5567         07-FEB-99 IT_PROG          4200                       103            60                                                     

6 rows selected.

SQL> SELECT * FROM EMPLOYEES FETCH NEXT 6 ROWS ONLY;

EMPLOYEE_ID FIRST_NAME      LAST_NAME       EMAIL      PHONE_NUMBER         HIRE_DATE JOB_ID         SALARY COMMISSION_PCT MANAGER_ID DEPARTMENT_ID                                                     
----------- --------------- --------------- ---------- -------------------- --------- ---------- ---------- -------------- ---------- -------------                                                     
        100 Steven          King            SKING      515.123.4567         17-JUL-87 AD_PRES         24000                                      90                                                     
        101 Neena           Kochhar         NKOCHHAR   515.123.4568         21-SEP-89 AD_VP           17000                       100            90                                                     
        102 Lex             De Haan         LDEHAAN    515.123.4569         13-JAN-93 AD_VP           17000                       100            90                                                     
        103 Alexander       Hunold          AHUNOLD    590.423.4567         03-JAN-90 IT_PROG          9000                       102            60                                                     
        104 Bruce           Ernst           BERNST     590.423.4568         21-MAY-91 IT_PROG          6000                       103            60                                                     
        107 Diana           Lorentz         DLORENTZ   590.423.5567         07-FEB-99 IT_PROG          4200                       103            60                                                     

6 rows selected.

SQL> SELECT * FROM EMPLOYEES FETCH NEXT 6.99 ROWS ONLY;

EMPLOYEE_ID FIRST_NAME      LAST_NAME       EMAIL      PHONE_NUMBER         HIRE_DATE JOB_ID         SALARY COMMISSION_PCT MANAGER_ID DEPARTMENT_ID                                                     
----------- --------------- --------------- ---------- -------------------- --------- ---------- ---------- -------------- ---------- -------------                                                     
        100 Steven          King            SKING      515.123.4567         17-JUL-87 AD_PRES         24000                                      90                                                     
        101 Neena           Kochhar         NKOCHHAR   515.123.4568         21-SEP-89 AD_VP           17000                       100            90                                                     
        102 Lex             De Haan         LDEHAAN    515.123.4569         13-JAN-93 AD_VP           17000                       100            90                                                     
        103 Alexander       Hunold          AHUNOLD    590.423.4567         03-JAN-90 IT_PROG          9000                       102            60                                                     
        104 Bruce           Ernst           BERNST     590.423.4568         21-MAY-91 IT_PROG          6000                       103            60                                                     
        107 Diana           Lorentz         DLORENTZ   590.423.5567         07-FEB-99 IT_PROG          4200                       103            60                                                     

6 rows selected.

SQL> SELECT * FROM EMPLOYEES FETCH NEXT 4+2 ROWS ONLY;

EMPLOYEE_ID FIRST_NAME      LAST_NAME       EMAIL      PHONE_NUMBER         HIRE_DATE JOB_ID         SALARY COMMISSION_PCT MANAGER_ID DEPARTMENT_ID                                                     
----------- --------------- --------------- ---------- -------------------- --------- ---------- ---------- -------------- ---------- -------------                                                     
        100 Steven          King            SKING      515.123.4567         17-JUL-87 AD_PRES         24000                                      90                                                     
        101 Neena           Kochhar         NKOCHHAR   515.123.4568         21-SEP-89 AD_VP           17000                       100            90                                                     
        102 Lex             De Haan         LDEHAAN    515.123.4569         13-JAN-93 AD_VP           17000                       100            90                                                     
        103 Alexander       Hunold          AHUNOLD    590.423.4567         03-JAN-90 IT_PROG          9000                       102            60                                                     
        104 Bruce           Ernst           BERNST     590.423.4568         21-MAY-91 IT_PROG          6000                       103            60                                                     
        107 Diana           Lorentz         DLORENTZ   590.423.5567         07-FEB-99 IT_PROG          4200                       103            60                                                     

6 rows selected.

SQL> SELECT * FROM EMPLOYEES FETCH NEXT SQRT(36) ROWS ONLY;

EMPLOYEE_ID FIRST_NAME      LAST_NAME       EMAIL      PHONE_NUMBER         HIRE_DATE JOB_ID         SALARY COMMISSION_PCT MANAGER_ID DEPARTMENT_ID                                                     
----------- --------------- --------------- ---------- -------------------- --------- ---------- ---------- -------------- ---------- -------------                                                     
        100 Steven          King            SKING      515.123.4567         17-JUL-87 AD_PRES         24000                                      90                                                     
        101 Neena           Kochhar         NKOCHHAR   515.123.4568         21-SEP-89 AD_VP           17000                       100            90                                                     
        102 Lex             De Haan         LDEHAAN    515.123.4569         13-JAN-93 AD_VP           17000                       100            90                                                     
        103 Alexander       Hunold          AHUNOLD    590.423.4567         03-JAN-90 IT_PROG          9000                       102            60                                                     
        104 Bruce           Ernst           BERNST     590.423.4568         21-MAY-91 IT_PROG          6000                       103            60                                                     
        107 Diana           Lorentz         DLORENTZ   590.423.5567         07-FEB-99 IT_PROG          4200                       103            60                                                     

6 rows selected.

SQL> SELECT * FROM EMPLOYEES FETCH NEXT SQRT(16)+2 ROWS ONLY;

EMPLOYEE_ID FIRST_NAME      LAST_NAME       EMAIL      PHONE_NUMBER         HIRE_DATE JOB_ID         SALARY COMMISSION_PCT MANAGER_ID DEPARTMENT_ID                                                     
----------- --------------- --------------- ---------- -------------------- --------- ---------- ---------- -------------- ---------- -------------                                                     
        100 Steven          King            SKING      515.123.4567         17-JUL-87 AD_PRES         24000                                      90                                                     
        101 Neena           Kochhar         NKOCHHAR   515.123.4568         21-SEP-89 AD_VP           17000                       100            90                                                     
        102 Lex             De Haan         LDEHAAN    515.123.4569         13-JAN-93 AD_VP           17000                       100            90                                                     
        103 Alexander       Hunold          AHUNOLD    590.423.4567         03-JAN-90 IT_PROG          9000                       102            60                                                     
        104 Bruce           Ernst           BERNST     590.423.4568         21-MAY-91 IT_PROG          6000                       103            60                                                     
        107 Diana           Lorentz         DLORENTZ   590.423.5567         07-FEB-99 IT_PROG          4200                       103            60                                                     

6 rows selected.

SQL> SELECT * FROM EMPLOYEES FETCH NEXT SQRT(16)+2 ROW ONLY;

EMPLOYEE_ID FIRST_NAME      LAST_NAME       EMAIL      PHONE_NUMBER         HIRE_DATE JOB_ID         SALARY COMMISSION_PCT MANAGER_ID DEPARTMENT_ID                                                     
----------- --------------- --------------- ---------- -------------------- --------- ---------- ---------- -------------- ---------- -------------                                                     
        100 Steven          King            SKING      515.123.4567         17-JUL-87 AD_PRES         24000                                      90                                                     
        101 Neena           Kochhar         NKOCHHAR   515.123.4568         21-SEP-89 AD_VP           17000                       100            90                                                     
        102 Lex             De Haan         LDEHAAN    515.123.4569         13-JAN-93 AD_VP           17000                       100            90                                                     
        103 Alexander       Hunold          AHUNOLD    590.423.4567         03-JAN-90 IT_PROG          9000                       102            60                                                     
        104 Bruce           Ernst           BERNST     590.423.4568         21-MAY-91 IT_PROG          6000                       103            60                                                     
        107 Diana           Lorentz         DLORENTZ   590.423.5567         07-FEB-99 IT_PROG          4200                       103            60                                                     

6 rows selected.

SQL> SELECT * FROM EMPLOYEES FETCH NEXT SQRT(16)+2 ROW WITH TIES;

EMPLOYEE_ID FIRST_NAME      LAST_NAME       EMAIL      PHONE_NUMBER         HIRE_DATE JOB_ID         SALARY COMMISSION_PCT MANAGER_ID DEPARTMENT_ID                                                     
----------- --------------- --------------- ---------- -------------------- --------- ---------- ---------- -------------- ---------- -------------                                                     
        100 Steven          King            SKING      515.123.4567         17-JUL-87 AD_PRES         24000                                      90                                                     
        101 Neena           Kochhar         NKOCHHAR   515.123.4568         21-SEP-89 AD_VP           17000                       100            90                                                     
        102 Lex             De Haan         LDEHAAN    515.123.4569         13-JAN-93 AD_VP           17000                       100            90                                                     
        103 Alexander       Hunold          AHUNOLD    590.423.4567         03-JAN-90 IT_PROG          9000                       102            60                                                     
        104 Bruce           Ernst           BERNST     590.423.4568         21-MAY-91 IT_PROG          6000                       103            60                                                     
        107 Diana           Lorentz         DLORENTZ   590.423.5567         07-FEB-99 IT_PROG          4200                       103            60                                                     

6 rows selected.

SQL> REM 2 DISPLAYING SOME ROWS FROM BOTTOM OF THE TABLE : OFFSET ...
SQL> 
SQL> REM DISPLAY LAST 7 ROWS OF EMPLOYEES TABLE
SQL> 
SQL> REM OFFSET = TOTAL - RESULT
SQL> 
SQL> REM OFFSET = 20 - 7 = 13
SQL> 
SQL> SELECT * FROM EMPLOYEES OFFSET 13 ROWS;

EMPLOYEE_ID FIRST_NAME      LAST_NAME       EMAIL      PHONE_NUMBER         HIRE_DATE JOB_ID         SALARY COMMISSION_PCT MANAGER_ID DEPARTMENT_ID                                                     
----------- --------------- --------------- ---------- -------------------- --------- ---------- ---------- -------------- ---------- -------------                                                     
        176 Jonathon        Taylor          JTAYLOR    011.44.1644.429265   24-MAR-98 SA_REP           8600             .3        149            80                                                     
        178 Kimerely        Grant           KGRANT     011.44.1644.429263   24-MAY-99 SA_REP           7000            .15        149                                                                   
        200 Jennifer        Whalen          JWHALEN    515.123.4444         17-SEP-87 AD_ASST          4400                       101            10                                                     
        201 Michael         Hartstein       MHARTSTE   515.123.5555         17-FEB-96 MK_MAN          13000                       100            20                                                     
        202 Pat             Fay             PFAY       603.123.6666         17-AUG-97 MK_REP           6000                       201            20                                                     
        205 Shelley         Higgins         SHIGGINS   515.123.8080         07-JUN-94 AC_MGR          12000                       101           110                                                     
        206 William         Gietz           WGIETZ     515.123.8181         07-JUN-94 AC_ACCOUNT       8300                       205           110                                                     

7 rows selected.

SQL> SELECT * FROM EMPLOYEES OFFSET 13.99 ROWS;

EMPLOYEE_ID FIRST_NAME      LAST_NAME       EMAIL      PHONE_NUMBER         HIRE_DATE JOB_ID         SALARY COMMISSION_PCT MANAGER_ID DEPARTMENT_ID                                                     
----------- --------------- --------------- ---------- -------------------- --------- ---------- ---------- -------------- ---------- -------------                                                     
        176 Jonathon        Taylor          JTAYLOR    011.44.1644.429265   24-MAR-98 SA_REP           8600             .3        149            80                                                     
        178 Kimerely        Grant           KGRANT     011.44.1644.429263   24-MAY-99 SA_REP           7000            .15        149                                                                   
        200 Jennifer        Whalen          JWHALEN    515.123.4444         17-SEP-87 AD_ASST          4400                       101            10                                                     
        201 Michael         Hartstein       MHARTSTE   515.123.5555         17-FEB-96 MK_MAN          13000                       100            20                                                     
        202 Pat             Fay             PFAY       603.123.6666         17-AUG-97 MK_REP           6000                       201            20                                                     
        205 Shelley         Higgins         SHIGGINS   515.123.8080         07-JUN-94 AC_MGR          12000                       101           110                                                     
        206 William         Gietz           WGIETZ     515.123.8181         07-JUN-94 AC_ACCOUNT       8300                       205           110                                                     

7 rows selected.

SQL> SELECT * FROM EMPLOYEES OFFSET 6+7 ROWS;

EMPLOYEE_ID FIRST_NAME      LAST_NAME       EMAIL      PHONE_NUMBER         HIRE_DATE JOB_ID         SALARY COMMISSION_PCT MANAGER_ID DEPARTMENT_ID                                                     
----------- --------------- --------------- ---------- -------------------- --------- ---------- ---------- -------------- ---------- -------------                                                     
        176 Jonathon        Taylor          JTAYLOR    011.44.1644.429265   24-MAR-98 SA_REP           8600             .3        149            80                                                     
        178 Kimerely        Grant           KGRANT     011.44.1644.429263   24-MAY-99 SA_REP           7000            .15        149                                                                   
        200 Jennifer        Whalen          JWHALEN    515.123.4444         17-SEP-87 AD_ASST          4400                       101            10                                                     
        201 Michael         Hartstein       MHARTSTE   515.123.5555         17-FEB-96 MK_MAN          13000                       100            20                                                     
        202 Pat             Fay             PFAY       603.123.6666         17-AUG-97 MK_REP           6000                       201            20                                                     
        205 Shelley         Higgins         SHIGGINS   515.123.8080         07-JUN-94 AC_MGR          12000                       101           110                                                     
        206 William         Gietz           WGIETZ     515.123.8181         07-JUN-94 AC_ACCOUNT       8300                       205           110                                                     

7 rows selected.

SQL> SELECT * FROM EMPLOYEES OFFSET SQRT(49) ROWS;

EMPLOYEE_ID FIRST_NAME      LAST_NAME       EMAIL      PHONE_NUMBER         HIRE_DATE JOB_ID         SALARY COMMISSION_PCT MANAGER_ID DEPARTMENT_ID                                                     
----------- --------------- --------------- ---------- -------------------- --------- ---------- ---------- -------------- ---------- -------------                                                     
        141 Trenna          Rajs            TRAJS      650.121.8009         17-OCT-95 ST_CLERK         3500                       124            50                                                     
        142 Curtis          Davies          CDAVIES    650.121.2994         29-JAN-97 ST_CLERK         3100                       124            50                                                     
        143 Randall         Matos           RMATOS     650.121.2874         15-MAR-98 ST_CLERK         2600                       124            50                                                     
        144 Peter           Vargas                     650.121.2004         09-JUL-98 ST_CLERK         2500                       124            50                                                     
        149 Eleni           Zlotkey         EZLOTKEY   011.44.1344.429018   29-JAN-00 SA_MAN          10500             .2        100            80                                                     
        174 Ellen           Abel            EABEL      011.44.1644.429267   11-MAY-96 SA_REP          11000             .3        149            80                                                     
        176 Jonathon        Taylor          JTAYLOR    011.44.1644.429265   24-MAR-98 SA_REP           8600             .3        149            80                                                     
        178 Kimerely        Grant           KGRANT     011.44.1644.429263   24-MAY-99 SA_REP           7000            .15        149                                                                   
        200 Jennifer        Whalen          JWHALEN    515.123.4444         17-SEP-87 AD_ASST          4400                       101            10                                                     
        201 Michael         Hartstein       MHARTSTE   515.123.5555         17-FEB-96 MK_MAN          13000                       100            20                                                     
        202 Pat             Fay             PFAY       603.123.6666         17-AUG-97 MK_REP           6000                       201            20                                                     
        205 Shelley         Higgins         SHIGGINS   515.123.8080         07-JUN-94 AC_MGR          12000                       101           110                                                     
        206 William         Gietz           WGIETZ     515.123.8181         07-JUN-94 AC_ACCOUNT       8300                       205           110                                                     

13 rows selected.

SQL> SELECT * FROM EMPLOYEES OFFSET SQRT(36)+1 ROWS;

EMPLOYEE_ID FIRST_NAME      LAST_NAME       EMAIL      PHONE_NUMBER         HIRE_DATE JOB_ID         SALARY COMMISSION_PCT MANAGER_ID DEPARTMENT_ID                                                     
----------- --------------- --------------- ---------- -------------------- --------- ---------- ---------- -------------- ---------- -------------                                                     
        141 Trenna          Rajs            TRAJS      650.121.8009         17-OCT-95 ST_CLERK         3500                       124            50                                                     
        142 Curtis          Davies          CDAVIES    650.121.2994         29-JAN-97 ST_CLERK         3100                       124            50                                                     
        143 Randall         Matos           RMATOS     650.121.2874         15-MAR-98 ST_CLERK         2600                       124            50                                                     
        144 Peter           Vargas                     650.121.2004         09-JUL-98 ST_CLERK         2500                       124            50                                                     
        149 Eleni           Zlotkey         EZLOTKEY   011.44.1344.429018   29-JAN-00 SA_MAN          10500             .2        100            80                                                     
        174 Ellen           Abel            EABEL      011.44.1644.429267   11-MAY-96 SA_REP          11000             .3        149            80                                                     
        176 Jonathon        Taylor          JTAYLOR    011.44.1644.429265   24-MAR-98 SA_REP           8600             .3        149            80                                                     
        178 Kimerely        Grant           KGRANT     011.44.1644.429263   24-MAY-99 SA_REP           7000            .15        149                                                                   
        200 Jennifer        Whalen          JWHALEN    515.123.4444         17-SEP-87 AD_ASST          4400                       101            10                                                     
        201 Michael         Hartstein       MHARTSTE   515.123.5555         17-FEB-96 MK_MAN          13000                       100            20                                                     
        202 Pat             Fay             PFAY       603.123.6666         17-AUG-97 MK_REP           6000                       201            20                                                     
        205 Shelley         Higgins         SHIGGINS   515.123.8080         07-JUN-94 AC_MGR          12000                       101           110                                                     
        206 William         Gietz           WGIETZ     515.123.8181         07-JUN-94 AC_ACCOUNT       8300                       205           110                                                     

13 rows selected.

SQL> SELECT * FROM EMPLOYEES OFFSET SQRT(36)+1 ROW;

EMPLOYEE_ID FIRST_NAME      LAST_NAME       EMAIL      PHONE_NUMBER         HIRE_DATE JOB_ID         SALARY COMMISSION_PCT MANAGER_ID DEPARTMENT_ID                                                     
----------- --------------- --------------- ---------- -------------------- --------- ---------- ---------- -------------- ---------- -------------                                                     
        141 Trenna          Rajs            TRAJS      650.121.8009         17-OCT-95 ST_CLERK         3500                       124            50                                                     
        142 Curtis          Davies          CDAVIES    650.121.2994         29-JAN-97 ST_CLERK         3100                       124            50                                                     
        143 Randall         Matos           RMATOS     650.121.2874         15-MAR-98 ST_CLERK         2600                       124            50                                                     
        144 Peter           Vargas                     650.121.2004         09-JUL-98 ST_CLERK         2500                       124            50                                                     
        149 Eleni           Zlotkey         EZLOTKEY   011.44.1344.429018   29-JAN-00 SA_MAN          10500             .2        100            80                                                     
        174 Ellen           Abel            EABEL      011.44.1644.429267   11-MAY-96 SA_REP          11000             .3        149            80                                                     
        176 Jonathon        Taylor          JTAYLOR    011.44.1644.429265   24-MAR-98 SA_REP           8600             .3        149            80                                                     
        178 Kimerely        Grant           KGRANT     011.44.1644.429263   24-MAY-99 SA_REP           7000            .15        149                                                                   
        200 Jennifer        Whalen          JWHALEN    515.123.4444         17-SEP-87 AD_ASST          4400                       101            10                                                     
        201 Michael         Hartstein       MHARTSTE   515.123.5555         17-FEB-96 MK_MAN          13000                       100            20                                                     
        202 Pat             Fay             PFAY       603.123.6666         17-AUG-97 MK_REP           6000                       201            20                                                     
        205 Shelley         Higgins         SHIGGINS   515.123.8080         07-JUN-94 AC_MGR          12000                       101           110                                                     
        206 William         Gietz           WGIETZ     515.123.8181         07-JUN-94 AC_ACCOUNT       8300                       205           110                                                     

13 rows selected.

SQL> REM 3 DISPLAYING SOME ROWS FROM MIDDLE OF THE TABLE : OFFSET ... FETCH ...
SQL> 
SQL> REM DISPLAY ROWS BETWEEN 9 AND 15
SQL> 
SQL> REM OFFSET = START - 1 = 9 - 1 = 8
SQL> 
SQL> REM FETCH = LAST - OFFSET = 15 - 8 = 7
SQL> 
SQL> SELECT * FROM EMPLOYEES OFFSET 8 ROWS FETCH NEXT 7 ROWS ONLY;

EMPLOYEE_ID FIRST_NAME      LAST_NAME       EMAIL      PHONE_NUMBER         HIRE_DATE JOB_ID         SALARY COMMISSION_PCT MANAGER_ID DEPARTMENT_ID                                                     
----------- --------------- --------------- ---------- -------------------- --------- ---------- ---------- -------------- ---------- -------------                                                     
        142 Curtis          Davies          CDAVIES    650.121.2994         29-JAN-97 ST_CLERK         3100                       124            50                                                     
        143 Randall         Matos           RMATOS     650.121.2874         15-MAR-98 ST_CLERK         2600                       124            50                                                     
        144 Peter           Vargas                     650.121.2004         09-JUL-98 ST_CLERK         2500                       124            50                                                     
        149 Eleni           Zlotkey         EZLOTKEY   011.44.1344.429018   29-JAN-00 SA_MAN          10500             .2        100            80                                                     
        174 Ellen           Abel            EABEL      011.44.1644.429267   11-MAY-96 SA_REP          11000             .3        149            80                                                     
        176 Jonathon        Taylor          JTAYLOR    011.44.1644.429265   24-MAR-98 SA_REP           8600             .3        149            80                                                     
        178 Kimerely        Grant           KGRANT     011.44.1644.429263   24-MAY-99 SA_REP           7000            .15        149                                                                   

7 rows selected.

SQL> REM TOP n ANALYSIS WITH ORDER BY/SORTING
SQL> 
SQL> 
SQL> SELECT DEPARTMENT_ID , FIRST_NAME FROM EMPLOYEES;

DEPARTMENT_ID FIRST_NAME                                                                                                                                                                                
------------- ---------------                                                                                                                                                                           
           90 Steven                                                                                                                                                                                    
           90 Neena                                                                                                                                                                                     
           90 Lex                                                                                                                                                                                       
           60 Alexander                                                                                                                                                                                 
           60 Bruce                                                                                                                                                                                     
           60 Diana                                                                                                                                                                                     
           50 Kevin                                                                                                                                                                                     
           50 Trenna                                                                                                                                                                                    
           50 Curtis                                                                                                                                                                                    
           50 Randall                                                                                                                                                                                   
           50 Peter                                                                                                                                                                                     
           80 Eleni                                                                                                                                                                                     
           80 Ellen                                                                                                                                                                                     
           80 Jonathon                                                                                                                                                                                  
              Kimerely                                                                                                                                                                                  
           10 Jennifer                                                                                                                                                                                  
           20 Michael                                                                                                                                                                                   
           20 Pat                                                                                                                                                                                       
          110 Shelley                                                                                                                                                                                   
          110 William                                                                                                                                                                                   

20 rows selected.

SQL> SELECT DEPARTMENT_ID , FIRST_NAME FROM EMPLOYEES OFFSET 4 ROWS FETCH NEXT 5 ROWS ONLY;

DEPARTMENT_ID FIRST_NAME                                                                                                                                                                                
------------- ---------------                                                                                                                                                                           
           60 Bruce                                                                                                                                                                                     
           60 Diana                                                                                                                                                                                     
           50 Kevin                                                                                                                                                                                     
           50 Trenna                                                                                                                                                                                    
           50 Curtis                                                                                                                                                                                    

SQL> SELECT DEPARTMENT_ID , FIRST_NAME FROM EMPLOYEES ORDER BY 1;

DEPARTMENT_ID FIRST_NAME                                                                                                                                                                                
------------- ---------------                                                                                                                                                                           
           10 Jennifer                                                                                                                                                                                  
           20 Michael                                                                                                                                                                                   
           20 Pat                                                                                                                                                                                       
           50 Kevin                                                                                                                                                                                     
           50 Peter                                                                                                                                                                                     
           50 Randall                                                                                                                                                                                   
           50 Curtis                                                                                                                                                                                    
           50 Trenna                                                                                                                                                                                    
           60 Diana                                                                                                                                                                                     
           60 Bruce                                                                                                                                                                                     
           60 Alexander                                                                                                                                                                                 
           80 Ellen                                                                                                                                                                                     
           80 Eleni                                                                                                                                                                                     
           80 Jonathon                                                                                                                                                                                  
           90 Lex                                                                                                                                                                                       
           90 Steven                                                                                                                                                                                    
           90 Neena                                                                                                                                                                                     
          110 William                                                                                                                                                                                   
          110 Shelley                                                                                                                                                                                   
              Kimerely                                                                                                                                                                                  

20 rows selected.

SQL> SELECT DEPARTMENT_ID , FIRST_NAME FROM EMPLOYEES ORDER BY 1 OFFSET 5 ROWS FETCH NEXT 5 ROWS ONLY;

DEPARTMENT_ID FIRST_NAME                                                                                                                                                                                
------------- ---------------                                                                                                                                                                           
           50 Randall                                                                                                                                                                                   
           50 Curtis                                                                                                                                                                                    
           50 Trenna                                                                                                                                                                                    
           60 Alexander                                                                                                                                                                                 
           60 Bruce                                                                                                                                                                                     

SQL> SELECT DEPARTMENT_ID , FIRST_NAME FROM EMPLOYEES ORDER BY 1 OFFSET 5 ROWS FETCH NEXT 8 ROWS ONLY;

DEPARTMENT_ID FIRST_NAME                                                                                                                                                                                
------------- ---------------                                                                                                                                                                           
           50 Randall                                                                                                                                                                                   
           50 Curtis                                                                                                                                                                                    
           50 Trenna                                                                                                                                                                                    
           60 Alexander                                                                                                                                                                                 
           60 Diana                                                                                                                                                                                     
           60 Bruce                                                                                                                                                                                     
           80 Eleni                                                                                                                                                                                     
           80 Ellen                                                                                                                                                                                     

8 rows selected.

SQL> REM 50 3 R
SQL> REM 60 3 C
SQL> REM 80 2 R
SQL> 
SQL> SELECT MANAGER_ID , LAST_NAME FROM EMPLOYEES ORDER BY 1;

MANAGER_ID LAST_NAME                                                                                                                                                                                    
---------- ---------------                                                                                                                                                                              
       100 Hartstein                                                                                                                                                                                    
       100 Kochhar                                                                                                                                                                                      
       100 De Haan                                                                                                                                                                                      
       100 Zlotkey                                                                                                                                                                                      
       100 Mourgos                                                                                                                                                                                      
       101 Higgins                                                                                                                                                                                      
       101 Whalen                                                                                                                                                                                       
       102 Hunold                                                                                                                                                                                       
       103 Ernst                                                                                                                                                                                        
       103 Lorentz                                                                                                                                                                                      
       124 Davies                                                                                                                                                                                       
       124 Matos                                                                                                                                                                                        
       124 Vargas                                                                                                                                                                                       
       124 Rajs                                                                                                                                                                                         
       149 Grant                                                                                                                                                                                        
       149 Abel                                                                                                                                                                                         
       149 Taylor                                                                                                                                                                                       
       201 Fay                                                                                                                                                                                          
       205 Gietz                                                                                                                                                                                        
           King                                                                                                                                                                                         

20 rows selected.

SQL> SELECT MANAGER_ID , LAST_NAME FROM EMPLOYEES ORDER BY 1 OFFSET 3 ROWS FETCH NEXT 6 ROWS ONLY;

MANAGER_ID LAST_NAME                                                                                                                                                                                    
---------- ---------------                                                                                                                                                                              
       100 Mourgos                                                                                                                                                                                      
       100 De Haan                                                                                                                                                                                      
       101 Whalen                                                                                                                                                                                       
       101 Higgins                                                                                                                                                                                      
       102 Hunold                                                                                                                                                                                       
       103 Ernst                                                                                                                                                                                        

6 rows selected.

SQL> SELECT JOB_ID , DEPARTMENT_ID , EMAIL FROM EMPLOYEES ORDER BY 1,2;

JOB_ID     DEPARTMENT_ID EMAIL                                                                                                                                                                          
---------- ------------- ----------                                                                                                                                                                     
AC_ACCOUNT           110 WGIETZ                                                                                                                                                                         
AC_MGR               110 SHIGGINS                                                                                                                                                                       
AD_ASST               10 JWHALEN                                                                                                                                                                        
AD_PRES               90 SKING                                                                                                                                                                          
AD_VP                 90 LDEHAAN                                                                                                                                                                        
AD_VP                 90 NKOCHHAR                                                                                                                                                                       
IT_PROG               60 AHUNOLD                                                                                                                                                                        
IT_PROG               60 BERNST                                                                                                                                                                         
IT_PROG               60 DLORENTZ                                                                                                                                                                       
MK_MAN                20 MHARTSTE                                                                                                                                                                       
MK_REP                20 PFAY                                                                                                                                                                           
SA_MAN                80 EZLOTKEY                                                                                                                                                                       
SA_REP                80 EABEL                                                                                                                                                                          
SA_REP                80 JTAYLOR                                                                                                                                                                        
SA_REP                   KGRANT                                                                                                                                                                         
ST_CLERK              50 RMATOS                                                                                                                                                                         
ST_CLERK              50 CDAVIES                                                                                                                                                                        
ST_CLERK              50 TRAJS                                                                                                                                                                          
ST_CLERK              50                                                                                                                                                                                
ST_MAN                50 KMOURGOS                                                                                                                                                                       

20 rows selected.

SQL> SELECT JOB_ID , DEPARTMENT_ID , EMAIL FROM EMPLOYEES ORDER BY 1,2 OFFSET 5 ROWS FETCH NEXT 8 ROWS ONLY;

JOB_ID     DEPARTMENT_ID EMAIL                                                                                                                                                                          
---------- ------------- ----------                                                                                                                                                                     
AD_VP                 90 LDEHAAN                                                                                                                                                                        
IT_PROG               60 AHUNOLD                                                                                                                                                                        
IT_PROG               60 BERNST                                                                                                                                                                         
IT_PROG               60 DLORENTZ                                                                                                                                                                       
MK_MAN                20 MHARTSTE                                                                                                                                                                       
MK_REP                20 PFAY                                                                                                                                                                           
SA_MAN                80 EZLOTKEY                                                                                                                                                                       
SA_REP                80 EABEL                                                                                                                                                                          

8 rows selected.

SQL> SELECT DEPARTMENT_ID , LAST_NAME FROM EMPLOYEES;

DEPARTMENT_ID LAST_NAME                                                                                                                                                                                 
------------- ---------------                                                                                                                                                                           
           90 King                                                                                                                                                                                      
           90 Kochhar                                                                                                                                                                                   
           90 De Haan                                                                                                                                                                                   
           60 Hunold                                                                                                                                                                                    
           60 Ernst                                                                                                                                                                                     
           60 Lorentz                                                                                                                                                                                   
           50 Mourgos                                                                                                                                                                                   
           50 Rajs                                                                                                                                                                                      
           50 Davies                                                                                                                                                                                    
           50 Matos                                                                                                                                                                                     
           50 Vargas                                                                                                                                                                                    
           80 Zlotkey                                                                                                                                                                                   
           80 Abel                                                                                                                                                                                      
           80 Taylor                                                                                                                                                                                    
              Grant                                                                                                                                                                                     
           10 Whalen                                                                                                                                                                                    
           20 Hartstein                                                                                                                                                                                 
           20 Fay                                                                                                                                                                                       
          110 Higgins                                                                                                                                                                                   
          110 Gietz                                                                                                                                                                                     

20 rows selected.

SQL> SELECT DEPARTMENT_ID , LAST_NAME FROM EMPLOYEES OFFSET 4 ROWS FETCH NEXT 5 ROWS ONLY;

DEPARTMENT_ID LAST_NAME                                                                                                                                                                                 
------------- ---------------                                                                                                                                                                           
           60 Ernst                                                                                                                                                                                     
           60 Lorentz                                                                                                                                                                                   
           50 Mourgos                                                                                                                                                                                   
           50 Rajs                                                                                                                                                                                      
           50 Davies                                                                                                                                                                                    

SQL> SELECT DEPARTMENT_ID , LAST_NAME FROM EMPLOYEES OFFSET 4 ROWS FETCH NEXT 5 ROWS WITH TIES;

DEPARTMENT_ID LAST_NAME                                                                                                                                                                                 
------------- ---------------                                                                                                                                                                           
           60 Ernst                                                                                                                                                                                     
           60 Lorentz                                                                                                                                                                                   
           50 Mourgos                                                                                                                                                                                   
           50 Rajs                                                                                                                                                                                      
           50 Davies                                                                                                                                                                                    

SQL> SELECT DEPARTMENT_ID , LAST_NAME FROM EMPLOYEES ORDER BY 1 OFFSET 4 ROWS FETCH NEXT 5 ROWS ONLY;

DEPARTMENT_ID LAST_NAME                                                                                                                                                                                 
------------- ---------------                                                                                                                                                                           
           50 Vargas                                                                                                                                                                                    
           50 Matos                                                                                                                                                                                     
           50 Davies                                                                                                                                                                                    
           50 Rajs                                                                                                                                                                                      
           60 Hunold                                                                                                                                                                                    

SQL> SELECT DEPARTMENT_ID , LAST_NAME FROM EMPLOYEES ORDER BY 1;

DEPARTMENT_ID LAST_NAME                                                                                                                                                                                 
------------- ---------------                                                                                                                                                                           
           10 Whalen                                                                                                                                                                                    
           20 Hartstein                                                                                                                                                                                 
           20 Fay                                                                                                                                                                                       
           50 Mourgos                                                                                                                                                                                   
           50 Vargas                                                                                                                                                                                    
           50 Matos                                                                                                                                                                                     
           50 Davies                                                                                                                                                                                    
           50 Rajs                                                                                                                                                                                      
           60 Lorentz                                                                                                                                                                                   
           60 Ernst                                                                                                                                                                                     
           60 Hunold                                                                                                                                                                                    
           80 Abel                                                                                                                                                                                      
           80 Zlotkey                                                                                                                                                                                   
           80 Taylor                                                                                                                                                                                    
           90 De Haan                                                                                                                                                                                   
           90 King                                                                                                                                                                                      
           90 Kochhar                                                                                                                                                                                   
          110 Gietz                                                                                                                                                                                     
          110 Higgins                                                                                                                                                                                   
              Grant                                                                                                                                                                                     

20 rows selected.

SQL> SELECT DEPARTMENT_ID , LAST_NAME FROM EMPLOYEES ORDER BY 1 OFFSET 4 ROWS FETCH NEXT 5 ROWS ONLY;

DEPARTMENT_ID LAST_NAME                                                                                                                                                                                 
------------- ---------------                                                                                                                                                                           
           50 Vargas                                                                                                                                                                                    
           50 Matos                                                                                                                                                                                     
           50 Davies                                                                                                                                                                                    
           50 Rajs                                                                                                                                                                                      
           60 Hunold                                                                                                                                                                                    

SQL> SELECT DEPARTMENT_ID , LAST_NAME FROM EMPLOYEES ORDER BY 1 OFFSET 4 ROWS FETCH NEXT 5 ROWS WITH TIES;

DEPARTMENT_ID LAST_NAME                                                                                                                                                                                 
------------- ---------------                                                                                                                                                                           
           50 Vargas                                                                                                                                                                                    
           50 Matos                                                                                                                                                                                     
           50 Davies                                                                                                                                                                                    
           50 Rajs                                                                                                                                                                                      
           60 Hunold                                                                                                                                                                                    
           60 Lorentz                                                                                                                                                                                   
           60 Ernst                                                                                                                                                                                     

7 rows selected.

SQL> SELECT MANAGER_ID , LAST_NAME FROM EMPLOYEES ORDER BY 1;

MANAGER_ID LAST_NAME                                                                                                                                                                                    
---------- ---------------                                                                                                                                                                              
       100 Hartstein                                                                                                                                                                                    
       100 Kochhar                                                                                                                                                                                      
       100 De Haan                                                                                                                                                                                      
       100 Zlotkey                                                                                                                                                                                      
       100 Mourgos                                                                                                                                                                                      
       101 Higgins                                                                                                                                                                                      
       101 Whalen                                                                                                                                                                                       
       102 Hunold                                                                                                                                                                                       
       103 Ernst                                                                                                                                                                                        
       103 Lorentz                                                                                                                                                                                      
       124 Davies                                                                                                                                                                                       
       124 Matos                                                                                                                                                                                        
       124 Vargas                                                                                                                                                                                       
       124 Rajs                                                                                                                                                                                         
       149 Grant                                                                                                                                                                                        
       149 Abel                                                                                                                                                                                         
       149 Taylor                                                                                                                                                                                       
       201 Fay                                                                                                                                                                                          
       205 Gietz                                                                                                                                                                                        
           King                                                                                                                                                                                         

20 rows selected.

SQL> SELECT MANAGER_ID , LAST_NAME FROM EMPLOYEES ORDER BY 1 OFFSET 3 ROWS FETCH NEXT 3 ROWS WITH TIES;

MANAGER_ID LAST_NAME                                                                                                                                                                                    
---------- ---------------                                                                                                                                                                              
       100 Mourgos                                                                                                                                                                                      
       100 De Haan                                                                                                                                                                                      
       101 Whalen                                                                                                                                                                                       
       101 Higgins                                                                                                                                                                                      

SQL> SELECT JOB_ID , LAST_NAME FROM EMPLOYEES ORDER BY 1;

JOB_ID     LAST_NAME                                                                                                                                                                                    
---------- ---------------                                                                                                                                                                              
AC_ACCOUNT Gietz                                                                                                                                                                                        
AC_MGR     Higgins                                                                                                                                                                                      
AD_ASST    Whalen                                                                                                                                                                                       
AD_PRES    King                                                                                                                                                                                         
AD_VP      De Haan                                                                                                                                                                                      
AD_VP      Kochhar                                                                                                                                                                                      
IT_PROG    Hunold                                                                                                                                                                                       
IT_PROG    Ernst                                                                                                                                                                                        
IT_PROG    Lorentz                                                                                                                                                                                      
MK_MAN     Hartstein                                                                                                                                                                                    
MK_REP     Fay                                                                                                                                                                                          
SA_MAN     Zlotkey                                                                                                                                                                                      
SA_REP     Abel                                                                                                                                                                                         
SA_REP     Grant                                                                                                                                                                                        
SA_REP     Taylor                                                                                                                                                                                       
ST_CLERK   Matos                                                                                                                                                                                        
ST_CLERK   Davies                                                                                                                                                                                       
ST_CLERK   Rajs                                                                                                                                                                                         
ST_CLERK   Vargas                                                                                                                                                                                       
ST_MAN     Mourgos                                                                                                                                                                                      

20 rows selected.

SQL> SELECT JOB_ID , LAST_NAME FROM EMPLOYEES ORDER BY 1 OFFSET 5 ROWS FETCH NEXT 8 ROWS WITH TIES;

JOB_ID     LAST_NAME                                                                                                                                                                                    
---------- ---------------                                                                                                                                                                              
AD_VP      De Haan                                                                                                                                                                                      
IT_PROG    Hunold                                                                                                                                                                                       
IT_PROG    Ernst                                                                                                                                                                                        
IT_PROG    Lorentz                                                                                                                                                                                      
MK_MAN     Hartstein                                                                                                                                                                                    
MK_REP     Fay                                                                                                                                                                                          
SA_MAN     Zlotkey                                                                                                                                                                                      
SA_REP     Abel                                                                                                                                                                                         
SA_REP     Grant                                                                                                                                                                                        
SA_REP     Taylor                                                                                                                                                                                       

10 rows selected.

SQL> REM RESTRICTION/SELECTION :
SQL> 
SQL> REM RESTRICTION/SELECTION : TO DISPLAY SOME ROWS WHICH SATISFIES OUR CONDITION(S)
SQL> 
SQL> 
SQL> SELECT * FROM EMPLOYEES;

EMPLOYEE_ID FIRST_NAME      LAST_NAME       EMAIL      PHONE_NUMBER         HIRE_DATE JOB_ID         SALARY COMMISSION_PCT MANAGER_ID DEPARTMENT_ID                                                     
----------- --------------- --------------- ---------- -------------------- --------- ---------- ---------- -------------- ---------- -------------                                                     
        100 Steven          King            SKING      515.123.4567         17-JUL-87 AD_PRES         24000                                      90                                                     
        101 Neena           Kochhar         NKOCHHAR   515.123.4568         21-SEP-89 AD_VP           17000                       100            90                                                     
        102 Lex             De Haan         LDEHAAN    515.123.4569         13-JAN-93 AD_VP           17000                       100            90                                                     
        103 Alexander       Hunold          AHUNOLD    590.423.4567         03-JAN-90 IT_PROG          9000                       102            60                                                     
        104 Bruce           Ernst           BERNST     590.423.4568         21-MAY-91 IT_PROG          6000                       103            60                                                     
        107 Diana           Lorentz         DLORENTZ   590.423.5567         07-FEB-99 IT_PROG          4200                       103            60                                                     
        124 Kevin           Mourgos         KMOURGOS   650.123.5234         16-NOV-99 ST_MAN           5800                       100            50                                                     
        141 Trenna          Rajs            TRAJS      650.121.8009         17-OCT-95 ST_CLERK         3500                       124            50                                                     
        142 Curtis          Davies          CDAVIES    650.121.2994         29-JAN-97 ST_CLERK         3100                       124            50                                                     
        143 Randall         Matos           RMATOS     650.121.2874         15-MAR-98 ST_CLERK         2600                       124            50                                                     
        144 Peter           Vargas                     650.121.2004         09-JUL-98 ST_CLERK         2500                       124            50                                                     
        149 Eleni           Zlotkey         EZLOTKEY   011.44.1344.429018   29-JAN-00 SA_MAN          10500             .2        100            80                                                     
        174 Ellen           Abel            EABEL      011.44.1644.429267   11-MAY-96 SA_REP          11000             .3        149            80                                                     
        176 Jonathon        Taylor          JTAYLOR    011.44.1644.429265   24-MAR-98 SA_REP           8600             .3        149            80                                                     
        178 Kimerely        Grant           KGRANT     011.44.1644.429263   24-MAY-99 SA_REP           7000            .15        149                                                                   
        200 Jennifer        Whalen          JWHALEN    515.123.4444         17-SEP-87 AD_ASST          4400                       101            10                                                     
        201 Michael         Hartstein       MHARTSTE   515.123.5555         17-FEB-96 MK_MAN          13000                       100            20                                                     
        202 Pat             Fay             PFAY       603.123.6666         17-AUG-97 MK_REP           6000                       201            20                                                     
        205 Shelley         Higgins         SHIGGINS   515.123.8080         07-JUN-94 AC_MGR          12000                       101           110                                                     
        206 William         Gietz           WGIETZ     515.123.8181         07-JUN-94 AC_ACCOUNT       8300                       205           110                                                     

20 rows selected.

SQL> REM SELECT ... FROM ... WHERE ... ORDER BY ... OFFSET ... FETCH ...;
SQL> 
SQL> 
SQL> REM WHERE ... : IS USED FOR RESTRICTION/SELECTION
SQL> 
SQL> REM WHERE SYNTAX : WHERE condition
SQL> 
SQL> REM CONDITION SYNTAX :   operand1   operator    operand2
SQL> 
SQL> REM CONDITION EXAMPLE :  SALARY     >           10000
SQL> 
SQL> 
SQL> 
SQL> REM LIST OF COMPARISON/RELATIONAL OPERATORS  :    = < > <= >=     <> != ^=
SQL> 
SQL> REM = : BOTH VALUES ARE SAME
SQL> 
SQL> REM < : LEFT VALUE IS LOWER
SQL> 
SQL> REM > : LEFT VALUE IS HIGHER
SQL> 
SQL> REM <= : LEFT VALUE IS EITHER EQUAL OR LESS
SQL> 
SQL> REM >= : LEFT VALUE IS EITHER EQUAL OR MORE
SQL> 
SQL> REM <> != ^= : BOTH VALUES ARE DIFFERENT/NOT EQUAL
SQL> 
SQL> 
SQL> 
SQL> 
SQL> REM NUMERICAL CONDITION EXAMPLES :
SQL> 
SQL> 
SQL> REM DATA TYPES OF BOTH OPERANDS SHOULD MATCH
SQL> 
SQL> REM DISPLAY INFO. ABOUT EMPLOYEES WHO GETS 6000 AS SALARY
SQL> 
SQL> SELECT FIRST_NAME , SALARY FROM EMPLOYEES WHERE SALARY = 6000;

FIRST_NAME          SALARY                                                                                                                                                                              
--------------- ----------                                                                                                                                                                              
Bruce                 6000                                                                                                                                                                              
Pat                   6000                                                                                                                                                                              

SQL> SELECT FIRST_NAME , SALARY FROM EMPLOYEES;

FIRST_NAME          SALARY                                                                                                                                                                              
--------------- ----------                                                                                                                                                                              
Steven               24000                                                                                                                                                                              
Neena                17000                                                                                                                                                                              
Lex                  17000                                                                                                                                                                              
Alexander             9000                                                                                                                                                                              
Bruce                 6000                                                                                                                                                                              
Diana                 4200                                                                                                                                                                              
Kevin                 5800                                                                                                                                                                              
Trenna                3500                                                                                                                                                                              
Curtis                3100                                                                                                                                                                              
Randall               2600                                                                                                                                                                              
Peter                 2500                                                                                                                                                                              
Eleni                10500                                                                                                                                                                              
Ellen                11000                                                                                                                                                                              
Jonathon              8600                                                                                                                                                                              
Kimerely              7000                                                                                                                                                                              
Jennifer              4400                                                                                                                                                                              
Michael              13000                                                                                                                                                                              
Pat                   6000                                                                                                                                                                              
Shelley              12000                                                                                                                                                                              
William               8300                                                                                                                                                                              

20 rows selected.

SQL> REM DISPLAY THOSE WHO GETS SALARY HIGHER THAN 9000
SQL> 
SQL> SELECT FIRST_NAME , SALARY FROM EMPLOYEES WHERE SALARY > 9000;

FIRST_NAME          SALARY                                                                                                                                                                              
--------------- ----------                                                                                                                                                                              
Steven               24000                                                                                                                                                                              
Neena                17000                                                                                                                                                                              
Lex                  17000                                                                                                                                                                              
Eleni                10500                                                                                                                                                                              
Ellen                11000                                                                                                                                                                              
Michael              13000                                                                                                                                                                              
Shelley              12000                                                                                                                                                                              

7 rows selected.

SQL> REM 1 DISPLAY THOSE WHO GETS SALARY LESS THAN 7000
SQL> 
SQL> REM 2 DISPLAY THOSE WHO GETS SALARY 17000
SQL> 
SQL> REM 3 DISPLAY ALL EXCEPT THOSE WHO GETS SALARY 6000
SQL> 
SQL> REM 4 DISPLAY THOSE WHO GETS SALARY 11000 OR LESS (UPTO 11000)
SQL> 
SQL> REM 5 DISPLAY THOSE WHO GETS SALARY 7000 OR MORE.
SQL> 
SQL> 
SQL> 
SQL> 
SQL> REM 1 DISPLAY THOSE WHO GETS SALARY LESS THAN 7000
SQL> 
SQL> SELECT FIRST_NAME , SALARY FROM EMPLOYEES WHERE SALARY < 7000;

FIRST_NAME          SALARY                                                                                                                                                                              
--------------- ----------                                                                                                                                                                              
Bruce                 6000                                                                                                                                                                              
Diana                 4200                                                                                                                                                                              
Kevin                 5800                                                                                                                                                                              
Trenna                3500                                                                                                                                                                              
Curtis                3100                                                                                                                                                                              
Randall               2600                                                                                                                                                                              
Peter                 2500                                                                                                                                                                              
Jennifer              4400                                                                                                                                                                              
Pat                   6000                                                                                                                                                                              

9 rows selected.

SQL> REM 2 DISPLAY THOSE WHO GETS SALARY 17000
SQL> 
SQL> SELECT FIRST_NAME , SALARY FROM EMPLOYEES WHERE SALARY = 17000;

FIRST_NAME          SALARY                                                                                                                                                                              
--------------- ----------                                                                                                                                                                              
Neena                17000                                                                                                                                                                              
Lex                  17000                                                                                                                                                                              

SQL> REM 3 DISPLAY ALL EXCEPT THOSE WHO GETS SALARY 6000
SQL> 
SQL> SELECT FIRST_NAME , SALARY FROM EMPLOYEES WHERE SALARY <> 6000;

FIRST_NAME          SALARY                                                                                                                                                                              
--------------- ----------                                                                                                                                                                              
Steven               24000                                                                                                                                                                              
Neena                17000                                                                                                                                                                              
Lex                  17000                                                                                                                                                                              
Alexander             9000                                                                                                                                                                              
Diana                 4200                                                                                                                                                                              
Kevin                 5800                                                                                                                                                                              
Trenna                3500                                                                                                                                                                              
Curtis                3100                                                                                                                                                                              
Randall               2600                                                                                                                                                                              
Peter                 2500                                                                                                                                                                              
Eleni                10500                                                                                                                                                                              
Ellen                11000                                                                                                                                                                              
Jonathon              8600                                                                                                                                                                              
Kimerely              7000                                                                                                                                                                              
Jennifer              4400                                                                                                                                                                              
Michael              13000                                                                                                                                                                              
Shelley              12000                                                                                                                                                                              
William               8300                                                                                                                                                                              

18 rows selected.

SQL> SELECT FIRST_NAME , SALARY FROM EMPLOYEES WHERE SALARY != 6000;

FIRST_NAME          SALARY                                                                                                                                                                              
--------------- ----------                                                                                                                                                                              
Steven               24000                                                                                                                                                                              
Neena                17000                                                                                                                                                                              
Lex                  17000                                                                                                                                                                              
Alexander             9000                                                                                                                                                                              
Diana                 4200                                                                                                                                                                              
Kevin                 5800                                                                                                                                                                              
Trenna                3500                                                                                                                                                                              
Curtis                3100                                                                                                                                                                              
Randall               2600                                                                                                                                                                              
Peter                 2500                                                                                                                                                                              
Eleni                10500                                                                                                                                                                              
Ellen                11000                                                                                                                                                                              
Jonathon              8600                                                                                                                                                                              
