SQL> 
SQL> REM LIKE : IS USED FOR PATTEN MATCHING.
SQL> 
SQL> REM LIKE SUPPORTS TWO WILD CARD CHARACTERS : _ %
SQL> 
SQL> REM _ : IS USED INPLACE OF SINGLE CHARACTER
SQL> 
SQL> REM % : IS USED INPLACE OF ZERO OR MORE CHARACTERS
SQL> 
SQL> 
SQL> 
SQL> REM LIKE : IS USED FOR PATTERN MATCHING.
SQL> 
SQL> 
SQL> 
SQL> REM WE CAN SOLVE QUESTION IN TWO STYLES :
SQL> 
SQL> REM 1 USING ONLY WILD CARD CHARACTERS FOR COMPARISON
SQL> 
SQL> REM 2 USING OTHER CHARACTES WITH WILD CARD CHRACTERS FOR COMPARISON
SQL> 
SQL> 
SQL> 
SQL> 
SQL> REM 1 USING ONLY WILD CARD CHARACTERS FOR COMPARISON
SQL> 
SQL> REM DISPLAY THOSE LAST_NAME WHICH HAS 5 CHARACTERS IN IT'S SPELLING.
SQL> 
SQL> SELECT LAST_NAME FROM EMPLOYEES WHERE LAST_NAME LIKE '_____';

LAST_NAME                                                                                                                                                                                                                                       
---------------                                                                                                                                                                                                                                 
Ernst                                                                                                                                                                                                                                           
Matos                                                                                                                                                                                                                                           
Grant                                                                                                                                                                                                                                           
Gietz                                                                                                                                                                                                                                           

SQL> REM DISPLAY ALL EXCEPT THOSE LAST_NAME WHICH HAS 6 CHARACTERS IN IT'S SPELLING.
SQL> 
SQL> SELECT LAST_NAME FROM EMPLOYEES WHERE LAST_NAME NOT LIKE '______';

LAST_NAME                                                                                                                                                                                                                                       
---------------                                                                                                                                                                                                                                 
King                                                                                                                                                                                                                                            
Kochhar                                                                                                                                                                                                                                         
De Haan                                                                                                                                                                                                                                         
Ernst                                                                                                                                                                                                                                           
Lorentz                                                                                                                                                                                                                                         
Mourgos                                                                                                                                                                                                                                         
Rajs                                                                                                                                                                                                                                            
Matos                                                                                                                                                                                                                                           
Zlotkey                                                                                                                                                                                                                                         
Abel                                                                                                                                                                                                                                            
Grant                                                                                                                                                                                                                                           
Hartstein                                                                                                                                                                                                                                       
Fay                                                                                                                                                                                                                                             
Higgins                                                                                                                                                                                                                                         
Gietz                                                                                                                                                                                                                                           

15 rows selected.

SQL> REM DISPLAY THOSE LAST_NAME WHICH HAS 5 OR MORE CHARACTERS IN IT'S SPELLING.
SQL> 
SQL> SELECT LAST_NAME FROM EMPLOYEES WHERE LAST_NAME LIKE '_____%';

LAST_NAME                                                                                                                                                                                                                                       
---------------                                                                                                                                                                                                                                 
Kochhar                                                                                                                                                                                                                                         
De Haan                                                                                                                                                                                                                                         
Hunold                                                                                                                                                                                                                                          
Ernst                                                                                                                                                                                                                                           
Lorentz                                                                                                                                                                                                                                         
Mourgos                                                                                                                                                                                                                                         
Davies                                                                                                                                                                                                                                          
Matos                                                                                                                                                                                                                                           
Vargas                                                                                                                                                                                                                                          
Zlotkey                                                                                                                                                                                                                                         
Taylor                                                                                                                                                                                                                                          
Grant                                                                                                                                                                                                                                           
Whalen                                                                                                                                                                                                                                          
Hartstein                                                                                                                                                                                                                                       
Higgins                                                                                                                                                                                                                                         
Gietz                                                                                                                                                                                                                                           

16 rows selected.

SQL> SELECT LAST_NAME FROM EMPLOYEES WHERE LAST_NAME LIKE '%_____';

LAST_NAME                                                                                                                                                                                                                                       
---------------                                                                                                                                                                                                                                 
Kochhar                                                                                                                                                                                                                                         
De Haan                                                                                                                                                                                                                                         
Hunold                                                                                                                                                                                                                                          
Ernst                                                                                                                                                                                                                                           
Lorentz                                                                                                                                                                                                                                         
Mourgos                                                                                                                                                                                                                                         
Davies                                                                                                                                                                                                                                          
Matos                                                                                                                                                                                                                                           
Vargas                                                                                                                                                                                                                                          
Zlotkey                                                                                                                                                                                                                                         
Taylor                                                                                                                                                                                                                                          
Grant                                                                                                                                                                                                                                           
Whalen                                                                                                                                                                                                                                          
Hartstein                                                                                                                                                                                                                                       
Higgins                                                                                                                                                                                                                                         
Gietz                                                                                                                                                                                                                                           

16 rows selected.

SQL> SELECT LAST_NAME FROM EMPLOYEES WHERE LAST_NAME LIKE '__%___';

LAST_NAME                                                                                                                                                                                                                                       
---------------                                                                                                                                                                                                                                 
Kochhar                                                                                                                                                                                                                                         
De Haan                                                                                                                                                                                                                                         
Hunold                                                                                                                                                                                                                                          
Ernst                                                                                                                                                                                                                                           
Lorentz                                                                                                                                                                                                                                         
Mourgos                                                                                                                                                                                                                                         
Davies                                                                                                                                                                                                                                          
Matos                                                                                                                                                                                                                                           
Vargas                                                                                                                                                                                                                                          
Zlotkey                                                                                                                                                                                                                                         
Taylor                                                                                                                                                                                                                                          
Grant                                                                                                                                                                                                                                           
Whalen                                                                                                                                                                                                                                          
Hartstein                                                                                                                                                                                                                                       
Higgins                                                                                                                                                                                                                                         
Gietz                                                                                                                                                                                                                                           

16 rows selected.

SQL> SELECT LAST_NAME FROM EMPLOYEES WHERE LAST_NAME LIKE '__%_%__';

LAST_NAME                                                                                                                                                                                                                                       
---------------                                                                                                                                                                                                                                 
Kochhar                                                                                                                                                                                                                                         
De Haan                                                                                                                                                                                                                                         
Hunold                                                                                                                                                                                                                                          
Ernst                                                                                                                                                                                                                                           
Lorentz                                                                                                                                                                                                                                         
Mourgos                                                                                                                                                                                                                                         
Davies                                                                                                                                                                                                                                          
Matos                                                                                                                                                                                                                                           
Vargas                                                                                                                                                                                                                                          
Zlotkey                                                                                                                                                                                                                                         
Taylor                                                                                                                                                                                                                                          
Grant                                                                                                                                                                                                                                           
Whalen                                                                                                                                                                                                                                          
Hartstein                                                                                                                                                                                                                                       
Higgins                                                                                                                                                                                                                                         
Gietz                                                                                                                                                                                                                                           

16 rows selected.

SQL> REM DISPLAY THOSE LAST_NAME WHICH HAS 7 OR LESS CHARACTERS IN IT'S SPELLING.
SQL> 
SQL> SELECT LAST_NAME FROM EMPLOYEES WHERE LAST_NAME LIKE '________';

no rows selected

SQL> SELECT LAST_NAME FROM EMPLOYEES WHERE LAST_NAME LIKE '________%';

LAST_NAME                                                                                                                                                                                                                                       
---------------                                                                                                                                                                                                                                 
Hartstein                                                                                                                                                                                                                                       

SQL> SELECT LAST_NAME FROM EMPLOYEES WHERE LAST_NAME NOT LIKE '________%';

LAST_NAME                                                                                                                                                                                                                                       
---------------                                                                                                                                                                                                                                 
King                                                                                                                                                                                                                                            
Kochhar                                                                                                                                                                                                                                         
De Haan                                                                                                                                                                                                                                         
Hunold                                                                                                                                                                                                                                          
Ernst                                                                                                                                                                                                                                           
Lorentz                                                                                                                                                                                                                                         
Mourgos                                                                                                                                                                                                                                         
Rajs                                                                                                                                                                                                                                            
Davies                                                                                                                                                                                                                                          
Matos                                                                                                                                                                                                                                           
Vargas                                                                                                                                                                                                                                          
Zlotkey                                                                                                                                                                                                                                         
Abel                                                                                                                                                                                                                                            
Taylor                                                                                                                                                                                                                                          
Grant                                                                                                                                                                                                                                           
Whalen                                                                                                                                                                                                                                          
Fay                                                                                                                                                                                                                                             
Higgins                                                                                                                                                                                                                                         
Gietz                                                                                                                                                                                                                                           

19 rows selected.

SQL> SELECT FIRST_NAME FROM EMPLOYEES WHERE FIRST_NAME NOT LIKE '________';

FIRST_NAME                                                                                                                                                                                                                                      
---------------                                                                                                                                                                                                                                 
Steven                                                                                                                                                                                                                                          
Neena                                                                                                                                                                                                                                           
Lex                                                                                                                                                                                                                                             
Alexander                                                                                                                                                                                                                                       
Bruce                                                                                                                                                                                                                                           
Diana                                                                                                                                                                                                                                           
Kevin                                                                                                                                                                                                                                           
Trenna                                                                                                                                                                                                                                          
Curtis                                                                                                                                                                                                                                          
Randall                                                                                                                                                                                                                                         
Peter                                                                                                                                                                                                                                           
Eleni                                                                                                                                                                                                                                           
Ellen                                                                                                                                                                                                                                           
Michael                                                                                                                                                                                                                                         
Pat                                                                                                                                                                                                                                             
Shelley                                                                                                                                                                                                                                         
William                                                                                                                                                                                                                                         

17 rows selected.

SQL> SELECT FIRST_NAME FROM EMPLOYEES WHERE FIRST_NAME LIKE '________';

FIRST_NAME                                                                                                                                                                                                                                      
---------------                                                                                                                                                                                                                                 
Jonathon                                                                                                                                                                                                                                        
Kimerely                                                                                                                                                                                                                                        
Jennifer                                                                                                                                                                                                                                        

SQL> SELECT FIRST_NAME FROM EMPLOYEES WHERE FIRST_NAME LIKE '________%';

FIRST_NAME                                                                                                                                                                                                                                      
---------------                                                                                                                                                                                                                                 
Alexander                                                                                                                                                                                                                                       
Jonathon                                                                                                                                                                                                                                        
Kimerely                                                                                                                                                                                                                                        
Jennifer                                                                                                                                                                                                                                        

SQL> SELECT FIRST_NAME FROM EMPLOYEES WHERE FIRST_NAME NOT LIKE '________%';

FIRST_NAME                                                                                                                                                                                                                                      
---------------                                                                                                                                                                                                                                 
Steven                                                                                                                                                                                                                                          
Neena                                                                                                                                                                                                                                           
Lex                                                                                                                                                                                                                                             
Bruce                                                                                                                                                                                                                                           
Diana                                                                                                                                                                                                                                           
Kevin                                                                                                                                                                                                                                           
Trenna                                                                                                                                                                                                                                          
Curtis                                                                                                                                                                                                                                          
Randall                                                                                                                                                                                                                                         
Peter                                                                                                                                                                                                                                           
Eleni                                                                                                                                                                                                                                           
Ellen                                                                                                                                                                                                                                           
Michael                                                                                                                                                                                                                                         
Pat                                                                                                                                                                                                                                             
Shelley                                                                                                                                                                                                                                         
William                                                                                                                                                                                                                                         

16 rows selected.

SQL> REM 1 DISPLAY FIRST_NAME HAVING 6 CHARACTER SPELLING
SQL> 
SQL> REM 2 DISPLAY ALL EXCEPT THOSE FIRST_NAME HAVING 7 CHARACTER SPELLING
SQL> 
SQL> REM 1 DISPLAY FIRST_NAME HAVING SPELLING UPTO 5 CHARACTERS
SQL> 
SQL> REM 4 DISPLAY FIRST_NAME HAVING SPELLING 7 OR MORE CHARACTERS
SQL> 
SQL> 
SQL> 
SQL> REM 1 DISPLAY FIRST_NAME HAVING 6 CHARACTER SPELLING
SQL> 
SQL> SELECT FIRST_NAME FROM EMPLOYEES WHERE FIRST_NAME LIKE '______';

FIRST_NAME                                                                                                                                                                                                                                      
---------------                                                                                                                                                                                                                                 
Steven                                                                                                                                                                                                                                          
Trenna                                                                                                                                                                                                                                          
Curtis                                                                                                                                                                                                                                          

SQL> REM 4 DISPLAY FIRST_NAME HAVING SPELLING 7 OR MORE CHARACTERS
SQL> 
SQL> REM 2 DISPLAY ALL EXCEPT THOSE FIRST_NAME HAVING 7 CHARACTER SPELLING
SQL> 
SQL> SELECT FIRST_NAME FROM EMPLOYEES WHERE FIRST_NAME NOT LIKE '_______';

FIRST_NAME                                                                                                                                                                                                                                      
---------------                                                                                                                                                                                                                                 
Steven                                                                                                                                                                                                                                          
Neena                                                                                                                                                                                                                                           
Lex                                                                                                                                                                                                                                             
Alexander                                                                                                                                                                                                                                       
Bruce                                                                                                                                                                                                                                           
Diana                                                                                                                                                                                                                                           
Kevin                                                                                                                                                                                                                                           
Trenna                                                                                                                                                                                                                                          
Curtis                                                                                                                                                                                                                                          
Peter                                                                                                                                                                                                                                           
Eleni                                                                                                                                                                                                                                           
Ellen                                                                                                                                                                                                                                           
Jonathon                                                                                                                                                                                                                                        
Kimerely                                                                                                                                                                                                                                        
Jennifer                                                                                                                                                                                                                                        
Pat                                                                                                                                                                                                                                             

16 rows selected.

SQL> REM 3 DISPLAY FIRST_NAME HAVING SPELLING UPTO 5 CHARACTERS
SQL> 
SQL> SELECT FIRST_NAME FROM EMPLOYEES WHERE FIRST_NAME NOT LIKE '______%';

FIRST_NAME                                                                                                                                                                                                                                      
---------------                                                                                                                                                                                                                                 
Neena                                                                                                                                                                                                                                           
Lex                                                                                                                                                                                                                                             
Bruce                                                                                                                                                                                                                                           
Diana                                                                                                                                                                                                                                           
Kevin                                                                                                                                                                                                                                           
Peter                                                                                                                                                                                                                                           
Eleni                                                                                                                                                                                                                                           
Ellen                                                                                                                                                                                                                                           
Pat                                                                                                                                                                                                                                             

9 rows selected.

SQL> REM 4 DISPLAY FIRST_NAME HAVING SPELLING 7 OR MORE CHARACTERS
SQL> 
SQL> SELECT FIRST_NAME FROM EMPLOYEES WHERE FIRST_NAME LIKE '_______%';

FIRST_NAME                                                                                                                                                                                                                                      
---------------                                                                                                                                                                                                                                 
Alexander                                                                                                                                                                                                                                       
Randall                                                                                                                                                                                                                                         
Jonathon                                                                                                                                                                                                                                        
Kimerely                                                                                                                                                                                                                                        
Jennifer                                                                                                                                                                                                                                        
Michael                                                                                                                                                                                                                                         
Shelley                                                                                                                                                                                                                                         
William                                                                                                                                                                                                                                         

8 rows selected.

SQL> REM EXAMPLES OF LIKE WITH ADDITIONAL CHARACTER WITH WILD CARDS :
SQL> 
SQL> SELECT FIRST_NAME FROM EMPLOYEES;

FIRST_NAME                                                                                                                                                                                                                                      
---------------                                                                                                                                                                                                                                 
Steven                                                                                                                                                                                                                                          
Neena                                                                                                                                                                                                                                           
Lex                                                                                                                                                                                                                                             
Alexander                                                                                                                                                                                                                                       
Bruce                                                                                                                                                                                                                                           
Diana                                                                                                                                                                                                                                           
Kevin                                                                                                                                                                                                                                           
Trenna                                                                                                                                                                                                                                          
Curtis                                                                                                                                                                                                                                          
Randall                                                                                                                                                                                                                                         
Peter                                                                                                                                                                                                                                           
Eleni                                                                                                                                                                                                                                           
Ellen                                                                                                                                                                                                                                           
Jonathon                                                                                                                                                                                                                                        
Kimerely                                                                                                                                                                                                                                        
Jennifer                                                                                                                                                                                                                                        
Michael                                                                                                                                                                                                                                         
Pat                                                                                                                                                                                                                                             
Shelley                                                                                                                                                                                                                                         
William                                                                                                                                                                                                                                         

20 rows selected.

SQL> REM DISPLAY THOSE WHOSE FIRST_NAME SPELLING STARTS WITH ALPHABET 'J'
SQL> 
SQL> SELECT FIRST_NAME FROM EMPLOYEES WHERE FIRST_NAME LIKE 'J%';

FIRST_NAME                                                                                                                                                                                                                                      
---------------                                                                                                                                                                                                                                 
Jonathon                                                                                                                                                                                                                                        
Jennifer                                                                                                                                                                                                                                        

SQL> REM DISPLAY THOSE WHOSE FIRST_NAME SPELLING ENDS WITH ALPHABET 'n'
SQL> 
SQL> SELECT FIRST_NAME FROM EMPLOYEES WHERE FIRST_NAME LIKE '%n';

FIRST_NAME                                                                                                                                                                                                                                      
---------------                                                                                                                                                                                                                                 
Steven                                                                                                                                                                                                                                          
Kevin                                                                                                                                                                                                                                           
Ellen                                                                                                                                                                                                                                           
Jonathon                                                                                                                                                                                                                                        

SQL> REM DISPLAY THOSE WHOSE FIRST_NAME SPELLING CONTAINS ALPHABET 'e'
SQL> 
SQL> SELECT FIRST_NAME FROM EMPLOYEES WHERE FIRST_NAME LIKE '%e%';

FIRST_NAME                                                                                                                                                                                                                                      
---------------                                                                                                                                                                                                                                 
Steven                                                                                                                                                                                                                                          
Neena                                                                                                                                                                                                                                           
Lex                                                                                                                                                                                                                                             
Alexander                                                                                                                                                                                                                                       
Bruce                                                                                                                                                                                                                                           
Kevin                                                                                                                                                                                                                                           
Trenna                                                                                                                                                                                                                                          
Peter                                                                                                                                                                                                                                           
Eleni                                                                                                                                                                                                                                           
Ellen                                                                                                                                                                                                                                           
Kimerely                                                                                                                                                                                                                                        
Jennifer                                                                                                                                                                                                                                        
Michael                                                                                                                                                                                                                                         
Shelley                                                                                                                                                                                                                                         

14 rows selected.

SQL> REM DISPLAY THOSE WHOSE FIRST_NAME SPELLING CONTAINS ALPHABET 'e' ON SECOND POSITION
SQL> 
SQL> SELECT FIRST_NAME FROM EMPLOYEES WHERE FIRST_NAME LIKE '_e%';

FIRST_NAME                                                                                                                                                                                                                                      
---------------                                                                                                                                                                                                                                 
Neena                                                                                                                                                                                                                                           
Lex                                                                                                                                                                                                                                             
Kevin                                                                                                                                                                                                                                           
Peter                                                                                                                                                                                                                                           
Jennifer                                                                                                                                                                                                                                        

SQL> REM DISPLAY THOSE WHOSE FIRST_NAME SPELLING CONTAINS ALPHABET 'o' ON SECOND LAST POSITION
SQL> 
SQL> SELECT FIRST_NAME FROM EMPLOYEES WHERE FIRST_NAME LIKE '%o_';

FIRST_NAME                                                                                                                                                                                                                                      
---------------                                                                                                                                                                                                                                 
Jonathon                                                                                                                                                                                                                                        

SQL> SELECT LAST_NAME FROM EMPLOYEES;

LAST_NAME                                                                                                                                                                                                                                       
---------------                                                                                                                                                                                                                                 
King                                                                                                                                                                                                                                            
Kochhar                                                                                                                                                                                                                                         
De Haan                                                                                                                                                                                                                                         
Hunold                                                                                                                                                                                                                                          
Ernst                                                                                                                                                                                                                                           
Lorentz                                                                                                                                                                                                                                         
Mourgos                                                                                                                                                                                                                                         
Rajs                                                                                                                                                                                                                                            
Davies                                                                                                                                                                                                                                          
Matos                                                                                                                                                                                                                                           
Vargas                                                                                                                                                                                                                                          
Zlotkey                                                                                                                                                                                                                                         
Abel                                                                                                                                                                                                                                            
Taylor                                                                                                                                                                                                                                          
Grant                                                                                                                                                                                                                                           
Whalen                                                                                                                                                                                                                                          
Hartstein                                                                                                                                                                                                                                       
Fay                                                                                                                                                                                                                                             
Higgins                                                                                                                                                                                                                                         
Gietz                                                                                                                                                                                                                                           

20 rows selected.

SQL> REM DISPLAY THOSE WHOSE LAST_NAME SPELLING HAS 'o' ON SECOND AND SECOND LAST POSITION.
SQL> 
SQL> SELECT LAST_NAME FROM EMPLOYEES WHERE LAST_NAME LIKE '_o%o_';

LAST_NAME                                                                                                                                                                                                                                       
---------------                                                                                                                                                                                                                                 
Mourgos                                                                                                                                                                                                                                         

SQL> SELECT LAST_NAME FROM EMPLOYEES ORDER BY 1;

LAST_NAME                                                                                                                                                                                                                                       
---------------                                                                                                                                                                                                                                 
Abel                                                                                                                                                                                                                                            
Davies                                                                                                                                                                                                                                          
De Haan                                                                                                                                                                                                                                         
Ernst                                                                                                                                                                                                                                           
Fay                                                                                                                                                                                                                                             
Gietz                                                                                                                                                                                                                                           
Grant                                                                                                                                                                                                                                           
Hartstein                                                                                                                                                                                                                                       
Higgins                                                                                                                                                                                                                                         
Hunold                                                                                                                                                                                                                                          
King                                                                                                                                                                                                                                            
Kochhar                                                                                                                                                                                                                                         
Lorentz                                                                                                                                                                                                                                         
Matos                                                                                                                                                                                                                                           
Mourgos                                                                                                                                                                                                                                         
Rajs                                                                                                                                                                                                                                            
Taylor                                                                                                                                                                                                                                          
Vargas                                                                                                                                                                                                                                          
Whalen                                                                                                                                                                                                                                          
Zlotkey                                                                                                                                                                                                                                         

20 rows selected.

SQL> REM DISPLAY THOSE WHOSE LAST_NAME STARTS WITH 'H' AND HAS 7 CHARACTER SPELLING.
SQL> 
SQL> SELECT LAST_NAME FROM EMPLOYEES WHERE LAST_NAME LIKE 'H______';

LAST_NAME                                                                                                                                                                                                                                       
---------------                                                                                                                                                                                                                                 
Higgins                                                                                                                                                                                                                                         

SQL> REM DISPLAY THOSE WHOSE LAST_NAME STARTS WITH 'H' AND HAS 7 OR MORE CHARACTERS SPELLING.
SQL> 
SQL> SELECT LAST_NAME FROM EMPLOYEES WHERE LAST_NAME LIKE 'H______%';

LAST_NAME                                                                                                                                                                                                                                       
---------------                                                                                                                                                                                                                                 
Hartstein                                                                                                                                                                                                                                       
Higgins                                                                                                                                                                                                                                         

SQL> SELECT LAST_NAME FROM EMPLOYEES WHERE LAST_NAME LIKE 'H%';

LAST_NAME                                                                                                                                                                                                                                       
---------------                                                                                                                                                                                                                                 
Hunold                                                                                                                                                                                                                                          
Hartstein                                                                                                                                                                                                                                       
Higgins                                                                                                                                                                                                                                         

SQL> SELECT HIRE_DATE FROM EMPLOYEES;

HIRE_DATE                                                                                                                                                                                                                                       
---------                                                                                                                                                                                                                                       
17-JUL-87                                                                                                                                                                                                                                       
21-SEP-89                                                                                                                                                                                                                                       
13-JAN-93                                                                                                                                                                                                                                       
03-JAN-90                                                                                                                                                                                                                                       
21-MAY-91                                                                                                                                                                                                                                       
07-FEB-99                                                                                                                                                                                                                                       
16-NOV-99                                                                                                                                                                                                                                       
17-OCT-95                                                                                                                                                                                                                                       
29-JAN-97                                                                                                                                                                                                                                       
15-MAR-98                                                                                                                                                                                                                                       
09-JUL-98                                                                                                                                                                                                                                       
29-JAN-00                                                                                                                                                                                                                                       
11-MAY-96                                                                                                                                                                                                                                       
24-MAR-98                                                                                                                                                                                                                                       
24-MAY-99                                                                                                                                                                                                                                       
17-SEP-87                                                                                                                                                                                                                                       
17-FEB-96                                                                                                                                                                                                                                       
17-AUG-97                                                                                                                                                                                                                                       
07-JUN-94                                                                                                                                                                                                                                       
07-JUN-94                                                                                                                                                                                                                                       

20 rows selected.

SQL> REM DISPLAY THOSE HIRE_DATE WHICH HAS 'O' IN IT'S SPELLING/ DISPLAY THOSE WHO WERE HIRED IN NOV OR OCT MONTHS.
SQL> 
SQL> SELECT HIRE_DATE FROM EMPLOYEES WHERE HIRE_DATE LIKE '%O%';

HIRE_DATE                                                                                                                                                                                                                                       
---------                                                                                                                                                                                                                                       
16-NOV-99                                                                                                                                                                                                                                       
17-OCT-95                                                                                                                                                                                                                                       

SQL> REM DISPLAY THOSE WHO WERE HIRED IN SEP OR FEB
SQL> 
SQL> SELECT HIRE_DATE FROM EMPLOYEES WHERE HIRE_DATE LIKE '%E%';

HIRE_DATE                                                                                                                                                                                                                                       
---------                                                                                                                                                                                                                                       
21-SEP-89                                                                                                                                                                                                                                       
07-FEB-99                                                                                                                                                                                                                                       
17-SEP-87                                                                                                                                                                                                                                       
17-FEB-96                                                                                                                                                                                                                                       

SQL> REM DISPLAY THOSE WHO WERE HIRED IN JAN , MAR OR MAY
SQL> 
SQL> REM DISPLAY THOSE WHO WERE HIRED IN JAN , MAR OR MAY (IT SHOULD NOT DISPLAY AUG OR APR)
SQL> 
SQL> /*
SQL> 
SQL> JAN
SQL> MAR
SQL> MAY
SQL> 
SQL> 
SQL> AUG
SQL> APR
SQL> 
SQL> */
SQL> 
SQL> REM '__-_A%';
SQL> 
SQL> REM '%A_-__';
SQL> 
SQL> REM '%-_A%';
SQL> 
SQL> REM '%A_-%';
SQL> 
SQL> REM '__-_A_-__';
SQL> 
SQL> SELECT HIRE_DATE FROM EMPLOYEES WHERE HIRE_DATE LIKE '__-_A%';

HIRE_DATE                                                                                                                                                                                                                                       
---------                                                                                                                                                                                                                                       
13-JAN-93                                                                                                                                                                                                                                       
03-JAN-90                                                                                                                                                                                                                                       
21-MAY-91                                                                                                                                                                                                                                       
29-JAN-97                                                                                                                                                                                                                                       
15-MAR-98                                                                                                                                                                                                                                       
29-JAN-00                                                                                                                                                                                                                                       
11-MAY-96                                                                                                                                                                                                                                       
24-MAR-98                                                                                                                                                                                                                                       
24-MAY-99                                                                                                                                                                                                                                       

9 rows selected.

SQL> SELECT HIRE_DATE FROM EMPLOYEES WHERE HIRE_DATE LIKE '%A_-__';

HIRE_DATE                                                                                                                                                                                                                                       
---------                                                                                                                                                                                                                                       
13-JAN-93                                                                                                                                                                                                                                       
03-JAN-90                                                                                                                                                                                                                                       
21-MAY-91                                                                                                                                                                                                                                       
29-JAN-97                                                                                                                                                                                                                                       
15-MAR-98                                                                                                                                                                                                                                       
29-JAN-00                                                                                                                                                                                                                                       
11-MAY-96                                                                                                                                                                                                                                       
24-MAR-98                                                                                                                                                                                                                                       
24-MAY-99                                                                                                                                                                                                                                       

9 rows selected.

SQL> SELECT HIRE_DATE FROM EMPLOYEES WHERE HIRE_DATE LIKE '%-_A%';

HIRE_DATE                                                                                                                                                                                                                                       
---------                                                                                                                                                                                                                                       
13-JAN-93                                                                                                                                                                                                                                       
03-JAN-90                                                                                                                                                                                                                                       
21-MAY-91                                                                                                                                                                                                                                       
29-JAN-97                                                                                                                                                                                                                                       
15-MAR-98                                                                                                                                                                                                                                       
29-JAN-00                                                                                                                                                                                                                                       
11-MAY-96                                                                                                                                                                                                                                       
24-MAR-98                                                                                                                                                                                                                                       
24-MAY-99                                                                                                                                                                                                                                       

9 rows selected.

SQL> SELECT HIRE_DATE FROM EMPLOYEES WHERE HIRE_DATE LIKE '%A_-%';

HIRE_DATE                                                                                                                                                                                                                                       
---------                                                                                                                                                                                                                                       
13-JAN-93                                                                                                                                                                                                                                       
03-JAN-90                                                                                                                                                                                                                                       
21-MAY-91                                                                                                                                                                                                                                       
29-JAN-97                                                                                                                                                                                                                                       
15-MAR-98                                                                                                                                                                                                                                       
29-JAN-00                                                                                                                                                                                                                                       
11-MAY-96                                                                                                                                                                                                                                       
24-MAR-98                                                                                                                                                                                                                                       
24-MAY-99                                                                                                                                                                                                                                       

9 rows selected.

SQL> SELECT HIRE_DATE FROM EMPLOYEES WHERE HIRE_DATE LIKE '__-_A_-__';

HIRE_DATE                                                                                                                                                                                                                                       
---------                                                                                                                                                                                                                                       
13-JAN-93                                                                                                                                                                                                                                       
03-JAN-90                                                                                                                                                                                                                                       
21-MAY-91                                                                                                                                                                                                                                       
29-JAN-97                                                                                                                                                                                                                                       
15-MAR-98                                                                                                                                                                                                                                       
29-JAN-00                                                                                                                                                                                                                                       
11-MAY-96                                                                                                                                                                                                                                       
24-MAR-98                                                                                                                                                                                                                                       
24-MAY-99                                                                                                                                                                                                                                       

9 rows selected.

SQL> SELECT * FROM EMPLOYEES;

EMPLOYEE_ID FIRST_NAME      LAST_NAME       EMAIL      PHONE_NUMBER         HIRE_DATE JOB_ID         SALARY COMMISSION_PCT MANAGER_ID DEPARTMENT_ID                                                                                             
----------- --------------- --------------- ---------- -------------------- --------- ---------- ---------- -------------- ---------- -------------                                                                                             
        100 Steven          King            SKING      515.123.4567         17-JUL-87 AD_PRES         24000                                      90                                                                                             
        101 Neena           Kochhar         NKOCHHAR   515.123.4568         21-SEP-89 AD_VP           17000                       100            90                                                                                             
        102 Lex             De Haan         LDEHAAN    515.123.4569         13-JAN-93 AD_VP           17000                       100            90                                                                                             
        103 Alexander       Hunold          AHUNOLD    590.423.4567         03-JAN-90 IT_PROG          9000                       102            60                                                                                             
        104 Bruce           Ernst           BERNST     590.423.4568         21-MAY-91 IT_PROG          6000                       103            60                                                                                             
        107 Diana           Lorentz         DLORENTZ   590.423.5567         07-FEB-99 IT_PROG          4200                       103            60                                                                                             
        124 Kevin           Mourgos         KMOURGOS   650.123.5234         16-NOV-99 ST_MAN           5800                       100            50                                                                                             
        141 Trenna          Rajs            TRAJS      650.121.8009         17-OCT-95 ST_CLERK         3500                       124            50                                                                                             
        142 Curtis          Davies          CDAVIES    650.121.2994         29-JAN-97 ST_CLERK         3100                       124            50                                                                                             
        143 Randall         Matos           RMATOS     650.121.2874         15-MAR-98 ST_CLERK         2600                       124            50                                                                                             
        144 Peter           Vargas                     650.121.2004         09-JUL-98 ST_CLERK         2500                       124            50                                                                                             
        149 Eleni           Zlotkey         EZLOTKEY   011.44.1344.429018   29-JAN-00 SA_MAN          10500             .2        100            80                                                                                             
        174 Ellen           Abel            EABEL      011.44.1644.429267   11-MAY-96 SA_REP          11000             .3        149            80                                                                                             
        176 Jonathon        Taylor          JTAYLOR    011.44.1644.429265   24-MAR-98 SA_REP           8600             .3        149            80                                                                                             
        178 Kimerely        Grant           KGRANT     011.44.1644.429263   24-MAY-99 SA_REP           7000            .15        149                                                                                                           
        200 Jennifer        Whalen          JWHALEN    515.123.4444         17-SEP-87 AD_ASST          4400                       101            10                                                                                             
        201 Michael         Hartstein       MHARTSTE   515.123.5555         17-FEB-96 MK_MAN          13000                       100            20                                                                                             
        202 Pat             Fay             PFAY       603.123.6666         17-AUG-97 MK_REP           6000                       201            20                                                                                             
        205 Shelley         Higgins         SHIGGINS   515.123.8080         07-JUN-94 AC_MGR          12000                       101           110                                                                                             
        206 William         Gietz           WGIETZ     515.123.8181         07-JUN-94 AC_ACCOUNT       8300                       205           110                                                                                             

20 rows selected.

SQL> REM JAN , JUN , JUL
SQL> 
SQL> REM JUN , JUL
SQL> 
SQL> REM JAN , JUN
SQL> 
SQL> REM JAN , JUN , NOV
SQL> 
SQL> SELECT HIRE_DATE FROM EM
  2  
SQL> 
SQL> 
SQL> REM JAN , JUN , JUL
SQL> 
SQL> SELECT HIRE_DATE FROM EMPLOYEES WHERE HIRE_DATE LIKE '%J%';

HIRE_DATE                                                                                                                                                                                                                                       
---------                                                                                                                                                                                                                                       
17-JUL-87                                                                                                                                                                                                                                       
13-JAN-93                                                                                                                                                                                                                                       
03-JAN-90                                                                                                                                                                                                                                       
29-JAN-97                                                                                                                                                                                                                                       
09-JUL-98                                                                                                                                                                                                                                       
29-JAN-00                                                                                                                                                                                                                                       
07-JUN-94                                                                                                                                                                                                                                       
07-JUN-94                                                                                                                                                                                                                                       

8 rows selected.

SQL> REM JUN , JUL
SQL> 
SQL> SELECT HIRE_DATE FROM EMPLOYEES WHERE HIRE_DATE LIKE '%JU%';

HIRE_DATE                                                                                                                                                                                                                                       
---------                                                                                                                                                                                                                                       
17-JUL-87                                                                                                                                                                                                                                       
09-JUL-98                                                                                                                                                                                                                                       
07-JUN-94                                                                                                                                                                                                                                       
07-JUN-94                                                                                                                                                                                                                                       

SQL> REM JAN , JUN
SQL> 
SQL> SELECT HIRE_DATE FROM EMPLOYEES WHERE HIRE_DATE LIKE '%J_N%';

HIRE_DATE                                                                                                                                                                                                                                       
---------                                                                                                                                                                                                                                       
13-JAN-93                                                                                                                                                                                                                                       
03-JAN-90                                                                                                                                                                                                                                       
29-JAN-97                                                                                                                                                                                                                                       
29-JAN-00                                                                                                                                                                                                                                       
07-JUN-94                                                                                                                                                                                                                                       
07-JUN-94                                                                                                                                                                                                                                       

6 rows selected.

SQL> REM JAN , JUN , NOV
SQL> 
SQL> SELECT HIRE_DATE FROM EMPLOYEES WHERE HIRE_DATE LIKE '%N%';

HIRE_DATE                                                                                                                                                                                                                                       
---------                                                                                                                                                                                                                                       
13-JAN-93                                                                                                                                                                                                                                       
03-JAN-90                                                                                                                                                                                                                                       
16-NOV-99                                                                                                                                                                                                                                       
29-JAN-97                                                                                                                                                                                                                                       
29-JAN-00                                                                                                                                                                                                                                       
07-JUN-94                                                                                                                                                                                                                                       
07-JUN-94                                                                                                                                                                                                                                       

7 rows selected.

SQL> REM 80s = 80 TO 89
SQL> 
SQL> REM 1 DISPLAY THOSE WHO WERE HIRED IN 90s
SQL> 
SQL> REM 2 DISPLAY THOSE WHO WERE HIRED BEFORE 10th DATE OF ANY MONTH/YEAR.
SQL> 
SQL> SELECT HIRE_DATE FROM EMPLOYEES;

HIRE_DATE                                                                                                                                                                                                                                       
---------                                                                                                                                                                                                                                       
17-JUL-87                                                                                                                                                                                                                                       
21-SEP-89                                                                                                                                                                                                                                       
13-JAN-93                                                                                                                                                                                                                                       
03-JAN-90                                                                                                                                                                                                                                       
21-MAY-91                                                                                                                                                                                                                                       
07-FEB-99                                                                                                                                                                                                                                       
16-NOV-99                                                                                                                                                                                                                                       
17-OCT-95                                                                                                                                                                                                                                       
29-JAN-97                                                                                                                                                                                                                                       
15-MAR-98                                                                                                                                                                                                                                       
09-JUL-98                                                                                                                                                                                                                                       
29-JAN-00                                                                                                                                                                                                                                       
11-MAY-96                                                                                                                                                                                                                                       
24-MAR-98                                                                                                                                                                                                                                       
24-MAY-99                                                                                                                                                                                                                                       
17-SEP-87                                                                                                                                                                                                                                       
17-FEB-96                                                                                                                                                                                                                                       
17-AUG-97                                                                                                                                                                                                                                       
07-JUN-94                                                                                                                                                                                                                                       
07-JUN-94                                                                                                                                                                                                                                       

20 rows selected.

SQL> REM 1 DISPLAY THOSE WHO WERE HIRED IN 90s
SQL> 
SQL> SELECT HIRE_DATE FROM EMPLOYEES WHERE HIRE_DATE LIKE '%9_';

HIRE_DATE                                                                                                                                                                                                                                       
---------                                                                                                                                                                                                                                       
13-JAN-93                                                                                                                                                                                                                                       
03-JAN-90                                                                                                                                                                                                                                       
21-MAY-91                                                                                                                                                                                                                                       
07-FEB-99                                                                                                                                                                                                                                       
16-NOV-99                                                                                                                                                                                                                                       
17-OCT-95                                                                                                                                                                                                                                       
29-JAN-97                                                                                                                                                                                                                                       
15-MAR-98                                                                                                                                                                                                                                       
09-JUL-98                                                                                                                                                                                                                                       
11-MAY-96                                                                                                                                                                                                                                       
24-MAR-98                                                                                                                                                                                                                                       
24-MAY-99                                                                                                                                                                                                                                       
17-FEB-96                                                                                                                                                                                                                                       
17-AUG-97                                                                                                                                                                                                                                       
07-JUN-94                                                                                                                                                                                                                                       
07-JUN-94                                                                                                                                                                                                                                       

16 rows selected.

SQL> REM 2 DISPLAY THOSE WHO WERE HIRED BEFORE 10th DATE OF ANY MONTH/YEAR.
SQL> 
SQL> SELECT HIRE_DATE FROM EMPLOYEES WHERE HIRE_DATE LIKE '0%';

HIRE_DATE                                                                                                                                                                                                                                       
---------                                                                                                                                                                                                                                       
03-JAN-90                                                                                                                                                                                                                                       
07-FEB-99                                                                                                                                                                                                                                       
09-JUL-98                                                                                                                                                                                                                                       
07-JUN-94                                                                                                                                                                                                                                       
07-JUN-94                                                                                                                                                                                                                                       

SQL> SELECT * FROM EMPLOYEES;

EMPLOYEE_ID FIRST_NAME      LAST_NAME       EMAIL      PHONE_NUMBER         HIRE_DATE JOB_ID         SALARY COMMISSION_PCT MANAGER_ID DEPARTMENT_ID                                                                                             
----------- --------------- --------------- ---------- -------------------- --------- ---------- ---------- -------------- ---------- -------------                                                                                             
        100 Steven          King            SKING      515.123.4567         17-JUL-87 AD_PRES         24000                                      90                                                                                             
        101 Neena           Kochhar         NKOCHHAR   515.123.4568         21-SEP-89 AD_VP           17000                       100            90                                                                                             
        102 Lex             De Haan         LDEHAAN    515.123.4569         13-JAN-93 AD_VP           17000                       100            90                                                                                             
        103 Alexander       Hunold          AHUNOLD    590.423.4567         03-JAN-90 IT_PROG          9000                       102            60                                                                                             
        104 Bruce           Ernst           BERNST     590.423.4568         21-MAY-91 IT_PROG          6000                       103            60                                                                                             
        107 Diana           Lorentz         DLORENTZ   590.423.5567         07-FEB-99 IT_PROG          4200                       103            60                                                                                             
        124 Kevin           Mourgos         KMOURGOS   650.123.5234         16-NOV-99 ST_MAN           5800                       100            50                                                                                             
        141 Trenna          Rajs            TRAJS      650.121.8009         17-OCT-95 ST_CLERK         3500                       124            50                                                                                             
        142 Curtis          Davies          CDAVIES    650.121.2994         29-JAN-97 ST_CLERK         3100                       124            50                                                                                             
        143 Randall         Matos           RMATOS     650.121.2874         15-MAR-98 ST_CLERK         2600                       124            50                                                                                             
        144 Peter           Vargas                     650.121.2004         09-JUL-98 ST_CLERK         2500                       124            50                                                                                             
        149 Eleni           Zlotkey         EZLOTKEY   011.44.1344.429018   29-JAN-00 SA_MAN          10500             .2        100            80                                                                                             
        174 Ellen           Abel            EABEL      011.44.1644.429267   11-MAY-96 SA_REP          11000             .3        149            80                                                                                             
        176 Jonathon        Taylor          JTAYLOR    011.44.1644.429265   24-MAR-98 SA_REP           8600             .3        149            80                                                                                             
        178 Kimerely        Grant           KGRANT     011.44.1644.429263   24-MAY-99 SA_REP           7000            .15        149                                                                                                           
        200 Jennifer        Whalen          JWHALEN    515.123.4444         17-SEP-87 AD_ASST          4400                       101            10                                                                                             
        201 Michael         Hartstein       MHARTSTE   515.123.5555         17-FEB-96 MK_MAN          13000                       100            20                                                                                             
        202 Pat             Fay             PFAY       603.123.6666         17-AUG-97 MK_REP           6000                       201            20                                                                                             
        205 Shelley         Higgins         SHIGGINS   515.123.8080         07-JUN-94 AC_MGR          12000                       101           110                                                                                             
        206 William         Gietz           WGIETZ     515.123.8181         07-JUN-94 AC_ACCOUNT       8300                       205           110                                                                                             

20 rows selected.

SQL> REM DISPLAY THOSE WHO GETS SALARY IN 5 FIGURES
SQL> 
SQL> SELECT SALARY FROM EMPLOYEES WHERE SALARY LIKE '_____';

    SALARY                                                                                                                                                                                                                                      
----------                                                                                                                                                                                                                                      
     24000                                                                                                                                                                                                                                      
     17000                                                                                                                                                                                                                                      
     17000                                                                                                                                                                                                                                      
     10500                                                                                                                                                                                                                                      
     11000                                                                                                                                                                                                                                      
     13000                                                                                                                                                                                                                                      
     12000                                                                                                                                                                                                                                      

7 rows selected.

SQL> SELECT * FROM EMPLOYEES;

EMPLOYEE_ID FIRST_NAME      LAST_NAME       EMAIL      PHONE_NUMBER         HIRE_DATE JOB_ID         SALARY COMMISSION_PCT MANAGER_ID DEPARTMENT_ID                                                                                             
----------- --------------- --------------- ---------- -------------------- --------- ---------- ---------- -------------- ---------- -------------                                                                                             
        100 Steven          King            SKING      515.123.4567         17-JUL-87 AD_PRES         24000                                      90                                                                                             
        101 Neena           Kochhar         NKOCHHAR   515.123.4568         21-SEP-89 AD_VP           17000                       100            90                                                                                             
        102 Lex             De Haan         LDEHAAN    515.123.4569         13-JAN-93 AD_VP           17000                       100            90                                                                                             
        103 Alexander       Hunold          AHUNOLD    590.423.4567         03-JAN-90 IT_PROG          9000                       102            60                                                                                             
        104 Bruce           Ernst           BERNST     590.423.4568         21-MAY-91 IT_PROG          6000                       103            60                                                                                             
        107 Diana           Lorentz         DLORENTZ   590.423.5567         07-FEB-99 IT_PROG          4200                       103            60                                                                                             
        124 Kevin           Mourgos         KMOURGOS   650.123.5234         16-NOV-99 ST_MAN           5800                       100            50                                                                                             
        141 Trenna          Rajs            TRAJS      650.121.8009         17-OCT-95 ST_CLERK         3500                       124            50                                                                                             
        142 Curtis          Davies          CDAVIES    650.121.2994         29-JAN-97 ST_CLERK         3100                       124            50                                                                                             
        143 Randall         Matos           RMATOS     650.121.2874         15-MAR-98 ST_CLERK         2600                       124            50                                                                                             
        144 Peter           Vargas                     650.121.2004         09-JUL-98 ST_CLERK         2500                       124            50                                                                                             
        149 Eleni           Zlotkey         EZLOTKEY   011.44.1344.429018   29-JAN-00 SA_MAN          10500             .2        100            80                                                                                             
        174 Ellen           Abel            EABEL      011.44.1644.429267   11-MAY-96 SA_REP          11000             .3        149            80                                                                                             
        176 Jonathon        Taylor          JTAYLOR    011.44.1644.429265   24-MAR-98 SA_REP           8600             .3        149            80                                                                                             
        178 Kimerely        Grant           KGRANT     011.44.1644.429263   24-MAY-99 SA_REP           7000            .15        149                                                                                                           
        200 Jennifer        Whalen          JWHALEN    515.123.4444         17-SEP-87 AD_ASST          4400                       101            10                                                                                             
        201 Michael         Hartstein       MHARTSTE   515.123.5555         17-FEB-96 MK_MAN          13000                       100            20                                                                                             
        202 Pat             Fay             PFAY       603.123.6666         17-AUG-97 MK_REP           6000                       201            20                                                                                             
        205 Shelley         Higgins         SHIGGINS   515.123.8080         07-JUN-94 AC_MGR          12000                       101           110                                                                                             
        206 William         Gietz           WGIETZ     515.123.8181         07-JUN-94 AC_ACCOUNT       8300                       205           110                                                                                             

20 rows selected.

SQL> REM DISPLAY THOSE PHONE_NUMBER WHICH HAS 3 DOTS
SQL> 
SQL> SELECT PHONE_NUMBER FROM EMPLOYEES WHERE PHONE_NUMBER LIKE '%.%.%.%';

PHONE_NUMBER                                                                                                                                                                                                                                    
--------------------                                                                                                                                                                                                                            
011.44.1344.429018                                                                                                                                                                                                                              
011.44.1644.429267                                                                                                                                                                                                                              
011.44.1644.429265                                                                                                                                                                                                                              
011.44.1644.429263                                                                                                                                                                                                                              

SQL> SPOOL OFF
